3,  Team SoloMid,Myth,Logitech G Pro Wireless,700,0.700,0.700,0.345,0.250,LG 24GM79G-B,144,RTX 2080 Ti,1920x1080,Logitech G840,Logitech G Pro Mechanical Keyboard,Logitech G Pro X,Myth Fortnite Settings
98,  Streamer,CaMiLLs,Logitech G502 Proteus Spectrum,"1,800",0.110,0.110,0.500,0.650,ASUS ROG Swift PG258Q,240,GTX 1080,1920x1080,Logitech G640 TSM Edition,Logitech G910,Logitech G533,CaMiLLs Fortnite Settings
3,  Team SoloMid,Hamlinz,Logitech G Pro Wireless,400,0.101,0.102,0.650,0.700,BenQ XL2546,240,RTX 2080,1920x1080,Logitech G640,Logitech G Pro Mechanical Keyboard,Logitech G Pro Gaming Headset,Hamlinz Fortnite Settings
3,  Team SoloMid,Daequan,Logitech G600,600,0.070,0.050,0.750,0.750,LG 24GM79G-B,144,RTX 2080,1920x1080,Logitech G840,Logitech G Pro Mechanical Keyboard,Logitech G Pro Gaming Headset,Daequan Fortnite Settings
98,  Streamer,dakotaz,Logitech G502 HERO,"2,400",0.067,0.067,1.000,1.000,ASUS ROG Swift PG258Q,240,RTX 2080 Ti,1920x1080,Logitech G640,Logitech G Pro Mechanical Keyboard,Logitech G Pro Gaming Headset,dakotaz Fortnite Settings
3,  Team SoloMid Streamer,HighDistortion,Logitech G502 HERO,"1,600",0.065,0.065,0.857,0.617,ASUS ROG Swift PG258Q,240,RTX 2080,1920x1080,Logitech G640,Logitech G Pro Mechanical Keyboard,Sennheiser HD650,HighDistortion Fortnite Settings
3,  Team SoloMid Streamer,OPscT,Logitech G Pro Wireless,400,0.070,0.070,1.000,1.000,BenQ Zowie XL2540,240,GTX 1080 Ti,1920x1080,Logitech G640,Logitech G Pro Mechanical Keyboard,Astro A50,OPscT Fortnite Settings
98,  Streamer,summit1g,FinalMouse Air58 Ninja CBR Edition,400,0.080,0.080,0.530,0.530,ASUS VG248QE,144,GTX 1080 Ti,1920x1080,Corsair MM200 XL summit1g Edition,Corsair K70 RGB MK.2,Audio-Technica ATH-ADG1X,summit1g Fortnite Settings
0,  Featured,Ninja,FinalMouse Air58 Ninja CBR Edition,800,0.100,0.070,0.300,0.300,Alienware AW2518H,240,RTX 2080 Ti,1920x1080,HyperX FURY S Pro SE X-Large,Corsair K70 RGB MK.2,Beyerdynamic DT 990 Pro,Ninja Fortnite Settings
1,  FaZe Clan,SpaceLyon,FinalMouse Air58 Ninja CBB Edition,800,0.150,0.150,0.750,0.750,BenQ XL2540,240,GTX 1080,1920x1080,SteelSeries QcK FaZe Clan Edition,Ducky MIYA Pro Panda,SteelSeries Arctis 7,SpaceLyon Fortnite Settings
0,  Featured,Cloak,FinalMouse Foamposite,400,0.110,0.110,1.000,1.000,Alienware AW2518H,240,GTX 1080 Ti,1920x1080,SteelSeries QCK XXL,Matrix Elite,SteelSeries Arctis Pro,Cloak Fortnite Settings
1,  FaZe Clan,Jaomock,Logitech G Pro Gaming Mouse,800,0.110,0.070,0.800,0.600,Acer XFA240,144,GTX 1080 Ti,1920x1080,SteelSeries QCK XXL,SteelSeries APEX M750,ASTRO A40,Jaomock Fortnite Settings
98,  Streamer,XSOO,Zowie FK2,800,0.070,0.070,0.750,0.800,ASUS VG248QE,144,,1920x1080,SteelSeries QcK Heavy,Ozone Gaming Strike Pro,Sennheiser GAME ZERO,XSOO Fortnite Settings
99,  Streamer,NokSs,Razer DeathAdder Elite,"1,800",0.050,0.050,0.490,0.410,BenQ XL2430T,144,,1440x1080,Razer Gigantus,Ducky Year of the Dog,Beyerdynamic MMX300,NokSs Fortnite Settings
11,  Team Vitality,Robi,Logitech G Pro Gaming Mouse,800,0.080,0.080,1.000,1.000,ASUS ROG Swift PG258Q,240,,1920x1080,SteelSeries QcK Heavy,Razer BlackWidow Chroma,HyperX Cloud Alpha,Robi Fortnite Settings
98,  Streamer,Neiru,Zowie FK2,400,0.090,0.090,1.000,1.000,BenQ XL2411,144,,1920x1080,SteelSeries QcK Heavy,Corsair STRAFE,HyperX Cloud II,Neiru Fortnite Settings
98,  Streamer,shroud,Logitech G303,450,0.129,0.129,0.653,0.563,Acer Predator XB252Q,240,RTX 2080 Ti,1920x1080,HyperX FURY S Pro Shroud Edition,HyperX Alloy FPS RGB,HyperX Cloud Flight,shroud Fortnite Settings
98,  Streamer,Stormen,Logitech G Pro Wireless,400,0.060,0.060,0.560,0.560,BenQ XL2411Z,144,GTX 1080 Ti,1920x1080,SteelSeries QcK+,HyperX Alloy Elite,HyperX Cloud II,
10,  Luminosity Gaming,CDNThe3rd,FinalMouse Ultralight Pro,400,0.090,0.090,0.650,0.520,BenQ XL2546,240,,1920x1080,HyperX FURY Pro,Corsair K-70 RGB,Sennheiser HD 700,CDNThe3rd Fortnite Settings
98,  Streamer,Teeqzy,Logitech G Pro Wireless,600,0.140,0.140,0.500,0.500,BenQ XL2546,240,RTX 2080 Ti,1920x1080,Cooler Master Swift-RX XXL,Corsair K70 Rapidfire,HyperX Cloud II,Teeqzy Fortnite Settings
98,  Streamer,Azrod,Razer DeathAdder Chroma,400,0.080,0.080,0.250,0.750,BenQ XL2411Z,144,,1500x1080,Perixx XXL,Razer BlackWidow Chroma,Razer Kraken Pro,
37,  LeStream,Verrmax,SteelSeries Rival 110,500,0.040,0.040,0.800,0.700,BenQ XL2411,144,,1920x1080,SteelSeries QcK+,MOTOSPEED 104,HyperX Cloud I,
7,  NRG Esports,KingRichard,FinalMouse Air58 Ninja CBR Edition,400,0.160,0.110,0.550,0.550,ASUS ROG Swift PG258Q,240,RTX 2080 Ti,1920x1080,Logitech G640,Razer BlackWidow Chroma TE V2,Beyerdynamic DT 990 Pro,KingRichard Fortnite Settings
0,  Featured,Tfue,FinalMouse Air58 Ninja CBR Edition,400,0.100,0.100,0.700,0.550,ASUS ROG Swift PG258Q,240,GTX 1080 Ti,1920x1080,Glorious 3XL,Ducky MIYA Pro Rainbow Varmillo PBT Keycaps,Beyerdynamic DT 1990 Pro,Tfue Fortnite Settings
12,  Rogue,DrLupo,FinalMouse Air58 Ninja CBR Edition,800,0.070,0.070,0.500,0.500,ASUS ROG Swift PG279Q,165,RTX 2080 Ti,2560x1440,Logitech G Powerplay,Logitech G Pro Mechanical Keyboard,Blue Ella Planar,DrLupo Fortnite Settings
10,  Luminosity Gaming,SypherPK,Logitech G Pro Wireless,400,0.100,0.070,0.755,0.648,Alienware AW2518H,240,RTX 2080 Ti,1920x1080,SteelSeries QCK XXL,Ducky One 2 Mini RGB,Sennheiser HD 700,SypherPK Fortnite Settings
1,  FaZe Clan Streamer,Cizzorz,FinalMouse Air58 Ninja CBR Edition,400,0.080,0.080,1.000,1.000,Alienware AW2518H,240,GTX 1080,1920x1080,SteelSeries QcK+,Razer Huntsman Elite,SteelSeries Arctis Pro,Cizzorz Fortnite Settings
7,  NRG Esports,Svennoss,Logitech G703,800,0.100,0.100,1.000,1.000,AOC G2460PQU,144,GTX 1080 Ti,1444x1080,ASUS ROG Sheath,Corsair STRAFE,Astro A50,Svennoss Fortnite Settings
3,  Team SoloMid Streamer,RealKraftyy,Logitech G Pro Wireless,400,0.120,0.120,1.000,0.850,BenQ XL2730,144,GTX 1080,2560x1440,Logitech G640 TSM Edition,Logitech G910,Astro A50,RealKraftyy Fortnite Settings
98,  Streamer,Hysteria,HyperX Pulsefire FPS,800,0.070,0.070,1.000,1.000,BenQ XL2411,144,GTX 1080 Ti,1920x1080,HyperX FURY S Pro,HyperX Alloy FPS,HyperX Cloud II,Hysteria Fortnite Settings
26,  100 Thieves,Kenith,Logitech G Pro Wireless,800,0.061,0.061,0.400,0.400,ASUS VG248QE,144,GTX 1080 Ti,1920x1080,Glorious 3XL,Vortex Race 3 TKL,Razer Kraken 7.1 V2,Kenith Fortnite Settings
27,  FlyQuest,Crunch,FinalMouse Ultralight Phantom,400,0.100,0.070,0.550,0.500,BenQ XL2411Z,144,GTX 960,1920x1080,HyperX FURY S Pro,Logitech RGB G810,HyperX Cloud I,Crunch Fortnite Settings
98,  Streamer,jasonR,Logitech G703,400,0.079,0.059,0.905,0.950,BenQ XL2540,240,RTX 2080 Ti,1920x1080,SteelSeries QcK+,Logitech RGB G810,HyperX Cloud Flight,jasonR Fortnite Settings
1,  FaZe Clan Streamer,Thiefs,FinalMouse Air58 Ninja CBR Edition,800,0.090,0.090,1.000,1.000,ASUS VG248QE,144,RTX 2080 Ti,1920x1080,SteelSeries QCK XXL,Anne PRO 2,SteelSeries Arctis Pro,Thiefs Fortnite Settings
98,  Streamer,Payne,Logitech G Pro Wireless,400,0.140,0.140,1.000,1.000,MSI Optix MAG24C,144,,1920x1080,SteelSeries QcK+,Ducky One 2 Mini RGB,HyperX Cloud II,Payne Fortnite Settings
2,  Team Liquid,72hrs,FinalMouse Air58 Ninja CBR Edition,400,0.120,0.120,0.300,0.300,Alienware AW2518H,240,RTX 2080 Ti,1920x1080,Glorious 3XL,Logitech G Pro Mechanical Keyboard,Alienware AW988,72hrs Fortnite Settings
98,  Streamer,MONSTERDFACE,Razer DeathAdder Elite,800,0.070,0.070,1.000,0.800,ASUS MG248Q,144,GTX 1080,1920x1080,Logitech G640,Razer BlackWidow X Chroma,ASTRO A40,MONSTERDFACE Fortnite Settings
98,  Streamer,TimTheTatman,Razer DeathAdder Elite,800,0.066,0.065,0.700,0.700,BenQ XL2420T,144,RTX 2080 Ti,1920x1080,Razer Gigantus,Razer Huntsman Elite, Audio-Technica ATH-M50xBB,TimTheTatman Fortnite Settings
98,  Streamer,Ettnix,FinalMouse Air58 Ninja CBR Edition,450,0.120,0.090,1.000,1.000,ViewSonic XG2401,144,,1153x1080,Glorious 3XL,Vortex Pok3r,SteelSeries Arctis 7 2019 Edition,Ettnix Fortnite Settings
98,  Streamer,MitchJones,Razer DeathAdder Elite D2,800,0.050,0.050,1.000,1.000, Acer GN246HL,144,,1920x1080,SteelSeries QcK+,Razer BlackWidow Ultimate,Audio-Technica ATH-AG1X,MitchJones Fortnite Settings
98,  Streamer,DrDisRespect,Razer DeathAdder Elite,400,0.070,0.070,0.600,0.400,ASUS ROG Swift PG258Q,240,GTX 1080 Ti,1920x1080,Razer Gigantus,Razer Huntsman Elite,Turtle Beach Stealth 700,DrDisRespect Fortnite Settings
98,  Streamer,Risker,Razer DeathAdder Elite,500,0.090,0.090,1.000,0.750,Alienware AW2518H,240,GTX 1070,1920x1080,Razer Goliathus Speed,Razer BlackWidow Chroma TE V2, Audio Technica ATH-AD500X,Risker Fortnite Settings
7,  NRG Esports,Zayt,Logitech G403,800,0.059,0.059,0.650,0.650,BenQ XL2430T,144,GTX 1080 Ti,1920x1080,Zowie G-SR-SE Divina Pink Edition,Ducky One 2 Mini RGB,Logitech G533,Zayt Fortnite Settings
98,  Streamer,Parallax,FinalMouse Air58 Ninja CBR Edition,400,0.110,0.110,1.000,1.000,Alienware AW2518H,240,GTX 1080 Ti,1350x1080,Glorious 3XL,Razer BlackWidow Chroma TE V2,Razer Thresher TE,Parallax Fortnite Settings
98,  Streamer,KP5ive,Logitech G305,800,0.150,0.150,0.650,0.650,ASUS VG248QE,144,GTX 1070,1511x1080,Glorious 3XL,Logitech G Pro Mechanical Keyboard,Sennheiser HD558,KP5ive Fortnite Settings
98,  Streamer,Winter,Zowie EC1-A White Edition,800,0.270,0.270,0.650,0.650,ASUS VG248QE,144,,1600x1080,SteelSeries QCK XXL,Corsair K-70 RGB,Sennheiser HD 598,Winter Fortnite Settings
98,  Streamer,Choppadown,Logitech G403,"1,100",0.050,0.050,0.610,0.640,ASUS VG248QE,144,,1920x1080,H1Z1 Atlanta Mousepad,Corsair STRAFE,SteelSeries Siberia v2 FB,Choppadown Fortnite Settings
7,  NRG Esports,Symfuhny,Logitech G Pro Wireless Easter Pink,400,0.100,0.100,0.550,0.550,BenQ XL2546,240,RTX 2080 Ti,1920x1080,Zowie G-SR-SE Divina Pink Edition,Logitech G Pro Mechanical Keyboard,Sennheiser HD 700,Symfuhny Fortnite Settings
11,  Team Vitality,Gotaga,SteelSeries Rival 710,400,0.160,0.160,0.300,0.400,BenQ XL2411Z,144,,1920x1080,SteelSeries QcK+,SteelSeries APEX M750,SteelSeries Arctis Pro,Gotaga Fortnite Settings
99,  Youtuber,Nick Eh 30,Logitech G Pro Wireless,"2,000",0.100,0.050,0.300,0.500,ASUS ROG Swift PG258Q,240,RTX 2080 Ti,1920x1080,Logitech G640,Logitech G Pro Mechanical Keyboard,beyerdynamic DT 1990 Pro,Nick Eh 30 Fortnite Settings
20,  Method,Noizeeh,Logitech G Pro Gaming Mouse,800,0.080,0.080,1.000,1.000,BenQ XL2430T,144,RTX 2080 Ti,1600x1080,SteelSeries QcK+,Varmillo VA88M,HyperX Cloud II,Noizeeh Fortnite Settings
98,  Streamer,Rass,Zowie EC2-A,800,0.120,0.120,1.000,1.000,AOC G2460PQU,144,,1600x1080,ROCCAT TAITO,Razer BlackWidow Elite,HyperX Cloud II,Rasmusenn Fortnite Settings
20,  Method,Fixter,FinalMouse Ultralight Phantom,800,0.070,0.070,1.000,1.000,BenQ XL2411,144,,1920x1080,SteelSeries QcK Heavy,Corsair K-70 RGB,Logitech G930,Fixter Fortnite Settings
98,  Streamer,jetpacks,Logitech G402,800,0.150,0.130,1.000,1.000,MSI Optix MAG27CQ,144,GTX 1080,1440x1080,ASUS ROG Sheath,CM Masterkeys Pro S TKL,HyperX Cloud II,jetpacks Fortnite Settings
20,  Method (sub),MartinCreek,Logitech G Pro Wireless,800,0.070,0.070,0.600,0.600,MSI OCULUX NXG251R,240,,1920x1080,SteelSeries QcK+,Corsair K65 Rapidfire,SteelSeries Arctis 7,MartinCreek Fortnite Settings
1,  FaZe Clan,Mongraal,Logitech G402,400,0.118,0.108,0.171,0.271,ASUS ROG Swift PG258Q,240,RTX 2080 Ti,1856x1080,Glorious 3XL,Corsair K65 RGB,Corsair VOID Pro RGB,Mongraal Fortnite Settings
98,  Streamer,Sak0ner,FinalMouse Air58 Ninja CBB Edition,800,0.070,0.050,1.000,1.000,ASUS VG248QE,144,GTX 1080 Ti,1600x1080,Corsair MM300,Corsair K65,Corsair VOID,Sak0ner Fortnite Settings
98,  Streamer,yoyokeepitup,FinalMouse Air58 Ninja CBR Edition,"1,600",0.090,0.090,1.000,1.000,Dell S2716DG,144,GTX 1080 Ti,2560x1440,Glorious XXL White,MassDrop CTRL K-Type,HyperX Cloud II,yoyokeepitup Fortnite Settings
1,  FaZe Clan,Tennp0,SteelSeries Rival 310,800,0.080,0.080,0.850,1.000,"OMEN by HP 24.5""",144,GTX 1080,1920x1080,SteelSeries QcK FaZe Clan Edition,SteelSeries APEX M750 TKL,SteelSeries Arctis Pro,Tennp0 Fortnite Settings
2,  Team Liquid,Poach,Glorious Model O Matte White,800,0.080,0.080,0.500,0.500,Alienware AW2518H,240,GTX 1080,1656x1080,Zowie G-SR-SE Divina Blue Edition,Ducky One 2 TKL RGB,HyperX Cloud Alpha,Poach Fortnite Settings
26,  100 Thieves,CouRage,Razer DeathAdder Elite,800,0.090,0.090,0.370,0.370,BenQ XL2411P,144,RTX 2080 Ti,1920x1080,Logitech G840,Razer BlackWidow Chroma Stealth,Razer Kraken TE,CouRage Fortnite Settings
3,  Team SoloMid Streamer,Calvin,Logitech G Pro Wireless,400,0.160,0.160,1.000,1.000,ASUS VG248QE,144,GTX 1070,1920x1080,Logitech G640 TSM Edition,Logitech G413,Beyerdynamic DT 1990 Pro,Calvin Fortnite Settings
93,  Giants Gaming,LOLiTO FDEZ,Logitech G Pro Wireless,400,0.110,0.110,0.650,0.650,BenQ XL2540,240,RTX 2080 Ti,1920x1080,Razer Gigantus,Logitech G Pro Mechanical Keyboard,Beyerdynamic DT 990 Pro,LOLiTO FDEZ Fortnite Settings
12,  Rogue,Gingerpop,FinalMouse Ultralight Sunset,800,0.090,0.090,1.000,0.820,ASUS VG248QE,144,,1920x1080,SteelSeries QcK+,Logitech G Pro Mechanical Keyboard,HyperX Cloud Alpha,Gingerpop Fortnite Settings
77,  Solary,Kinstaar,Logitech G502 Wireless,400,0.115,0.085,0.900,0.745,BenQ XL2540,240,,1600x1080,Logitech G640,Logitech G513,Logitech G933,Kinstaar Fortnite Settings
98,  Streamer,Shivsy,HyperX Pulsefire FPS,400,0.100,0.070,0.420,0.460,ASUS ROG Swift PG279Q,180,,1920x1080,HyperX FURY S Pro,HyperX Alloy Elite,HyperX Cloud Alpha,Shivsy Fortnite Settings
98,  Streamer,Boss,HyperX Pulsefire Surge,400,0.070,0.050,1.000,0.530,ASUS VG248QE,144,GTX 1080,1920x1080,HyperX FURY S Pro,HyperX Alloy Elite,HyperX Cloud Alpha,Boss Fortnite Settings
98,  Streamer,Criz,Zowie EC2-B,400,0.085,0.085,0.856,0.856,BenQ XL2420T,144,RTX 2080,1444x1080,SteelSeries QcK Heavy,Razer BlackWidow Elite,HyperX Cloud II,Criz Fortnite Settings
98,  Streamer,Bandit,HyperX Pulsefire Surge,400,0.090,0.090,0.700,0.700,ASUS VG248QE,144,,1920x1080,HyperX FURY S Pro,HyperX Alloy Elite,HyperX Cloud Alpha,Bandit Fortnite Settings
2,  Team Liquid,Chap,Zowie EC2-B CS:GO Edition,800,0.120,0.120,0.200,0.500,Alienware AW2518H,240,RTX 2080,1920x1080,Glorious 3XL,Vortex Race 3 TKL,HyperX Cloud Alpha,Chap Fortnite Settings
2,  Team Liquid,Strafesh0t,Logitech G Pro Wireless,800,0.080,0.080,0.450,0.300,Alienware AW2518H,240,GTX 1080,1920x1080,HyperX FURY S Pro,Logitech G Pro Mechanical Keyboard,HyperX Cloud II,Strafesh0t Fortnite Settings
26,  100 Thieves,SirDimetrious,Logitech G Pro Wireless,400,0.120,0.120,0.600,0.600,BenQ XL2430T,144,GTX 1080 Ti,1920x1080,Glorious 3XL,Razer BlackWidow Elite,ASTRO A40,SirDimetrious Fortnite Settings
98,  Streamer,Tinny,Logitech G305,800,0.080,0.060,0.700,1.000,ASUS ROG Swift PG258Q,240,GTX 1080 Ti,1920x1080,Glorious 3XL,MassDrop ALT Zealios,Beyerdynamic DT990 Premium,Tinny Fortnite Settings
98,  Streamer,Yelo,FinalMouse Air58 Ninja CBR Edition,400,0.177,0.127,1.000,1.000,ASUS VG248QE,144,GTX 1080,1920x1080,SteelSeries QCK XXL,Anne PRO 2,SteelSeries Arctis Pro,Yelo Fortnite Settings
1,  FaZe Clan,Avxry,FinalMouse Ultralight Phantom,800,0.054,0.054,0.750,0.900,ASUS VG248QE,144,,1920x1080,Varmillo Panda Dye,Ducky MIYA Pro Panda,Apple EarPods,Avxry Fortnite Settings
13,  Fnatic,ErycTriceps,Logitech G Pro Wireless,400,0.130,0.130,0.800,0.800,BenQ XL2540,240,GTX 980 Ti,1920x1080,Fnatic Gear FOCUS 2,Fnatic Gear MiniStreak,Sennheiser HD 660 S,ErycTriceps Fortnite Settings
99,  Youtuber,Vikkstar123,Razer Taipan,"1,000",0.100,0.100,1.000,1.000,Acer XB270HU,144,GTX Titan X Pascal,2560x1440,Sidemen Mousepad,Razer Deathstalker,Beyerdynamic DT 990 Pro LE,Vikkstar123 Fortnite Settings
3,  Team SoloMid Jr,Wintrrz,Logitech G305 White Edition,800,0.053,0.027,0.495,0.505,Acer Predator XB272,240,GTX 1080,1656x1080,Artisan Shiden-Kai Snow White,Ducky One 2 Mini RGB,Astro A50,Wintrrz Fortnite Settings
98,  Streamer,Lasius,Logitech G703,400,0.080,0.080,0.900,0.900,ASUS VG248QE,144,,1920x1080,SteelSeries QcK+,Logitech G Pro Mechanical Keyboard,HyperX Cloud II,Lasius Fortnite Settings
98,  Streamer,WizKay,Logitech G Pro Wireless,800,0.070,0.070,0.450,0.450,ASUS VG248QE,144,,1444x1080,SteelSeries QCK XXL,Ducky One RGB TKL White,Turtle Beach Elite Pro,WizKay Fortnite Settings
98,  Streamer,Reaver,Zowie ZA12,400,0.100,0.100,0.770,0.740,BenQ XL2540,240,RTX 2080 Ti,1920x1080,Zowie G-SR,Razer BlackWidow TE,HyperX Cloud II,Reaver Fortnite Settings
13,  Fnatic,POW3R,FinalMouse Ultralight Pro,400,0.100,0.090,0.700,0.650,ASUS ROG Swift PG258Q,240,RX Vega 64,1920x1080,Glorious 3XL,Corsair K65,Sennheiser HD 800,POW3R Fortnite Settings
12,  Rogue,gommru,Logitech G Pro Wireless,400,0.120,0.120,1.000,1.000,BenQ XL2540,240,GTX 1080 Ti,1920x1080,Zowie G-SR-SE Divina Pink Edition,Varmilo VA87M Sakura Pink,Sennheiser HD 599,gommru Fortnite Settings
12,  Rogue,00flour,Zowie EC2-A,"1,600",0.110,0.110,0.340,0.470,ASUS ROG Swift PG258Q,240,,1280x960,Corsair MM800 Polaris,Vortex Pok3r,ASTRO A40,00flour Fortnite Settings
8,  Cloud9 KR,Trona,Logitech G Pro Wireless,800,0.060,0.060,0.450,0.500,BenQ XL2411Z,144,GTX 1070 Ti,1920x1080,HyperX FURY S Pro,HyperX Alloy FPS,HyperX Cloud Alpha,Trona Fortnite Settings
18,  devils.one,Hycel,Logitech G703,800,0.111,0.098,0.229,0.348,ASUS VG248QE,144,GTX 1070,1920x1080,Glorious 3XL,Razer BlackWidow Chroma TE V2,Razer Kraken 7.1 V2,Hycel Fortnite Settings
98,  Streamer,Painful,Logitech G Pro Wireless,450,0.260,0.140,0.560,0.720,ASUS VG248QE,144,,1444x1080,Glorious 3XL,Ducky One 2 Mini RGB,Beyerdynamic DT990 Premium,PainfulPvP Fortnite Settings
1,  FaZe Clan Streamer,Replays,SteelSeries Rival 600,"1,200",0.100,0.070,0.740,0.740,Alienware AW2518H,240,GTX 1080 Ti,1920x1080,SteelSeries QcK+,SteelSeries APEX M750,SteelSeries Arctis Pro,Replays Fortnite Settings
98,  Streamer,DarkzyNL,Zowie EC2-A,800,0.090,0.080,0.350,0.500,BenQ XL2540,240,GTX 970,1440x1080,XTREMPRO Desk,Corsair K55,HyperX Cloud Flight,DarkzyNL Fortnite Settings
6,  CLG,Marksman,Logitech G403,800,0.060,0.060,0.370,0.470,Alienware AW2518H,240,RTX 2080 Ti,1600x1080,Logitech G640,Corsair K70 Rapidfire,Beyerdynamic DT 990 Pro,Marksman Fortnite Settings
2,  Team Liquid,Vivid,FinalMouse Air58 Ninja CBR Edition,800,0.170,0.120,0.600,0.600,Alienware AW2518H,240,GTX 1080,1920x1080,HyperX FURY S Pro,Logitech G Pro Mechanical Keyboard,HyperX Cloud II,Vivid Fortnite Settings
15,  Misfits,Sceptic,FinalMouse Air58 Ninja CBR Edition,800,0.059,0.059,0.260,0.260,ASUS VG248QE,144,GTX 1080,1920x1080,Arozzi Arena Gaming Desk,Anne PRO 2,HyperX Cloud Flight,Sceptic Fortnite Settings
16,  Virtus.pro,f1veskill,Logitech G Pro Wireless,800,0.060,0.060,0.500,0.500,BenQ XL2411Z,144,RTX 2080 Ti,1920x1080,HyperX FURY S Pro X-Large,Corsair K70 Rapidfire,HyperX Cloud II,f1veskill Fortnite Settings
98,  Streamer,Reverse2k,FinalMouse Air58 Ninja CBR Edition,800,0.112,0.095,0.232,0.294,Alienware AW2518H,144,RTX 2080,1920x1080,Razer Goliathus Speed Extended,Ducky MIYA Pro Panda,ASTRO A40,Reverse2k Fortnite Settings
98,  Streamer,beehive,Zowie EC2-B,800,0.040,0.040,0.700,1.000,ASUS ROG Swift PG279Q,165,,2560x1440,Glorious 3XL,HHK Professional 2,HyperX Cloud Alpha,
37,  LeStream,TheVic,Logitech G Pro Wireless,"1,100",0.040,0.030,1.000,1.000,BenQ XL2430T,144,,1444x1080,ROCCAT TAITO,Ducky One 2 TKL RGB,HyperX Cloud II,TheVic Fortnite Settings
98,  Streamer,Refl7ction,Zowie EC1-A,400,0.140,0.100,1.000,1.000,ASUS VG248QE,144,,1920x1080,SteelSeries QcK Heavy,Corsair K-70 RGB,HyperX Cloud II,
3,  Team SoloMid,Kaysid,Logitech G Pro Gaming Mouse,"1,600",0.040,0.040,0.650,0.650,Acer XB240H,144,GTX 1080,1920x1080,Logitech G840,Logitech G Pro Mechanical Keyboard,Logitech G933,Kaysid Fortnite Settings
99,  Youtuber,OhMyPulse,FinalMouse Air58 Ninja CBR Edition,400,0.140,0.140,0.800,0.600,Alienware AW2518H,240,RTX 2080 Ti,1920x1080,Arozzi Arena Gaming Desk,Razer BlackWidow Elite,Razer Thresher TE,OhMyPulse Fortnite Settings
91,  Lazarus,Kreo,Zowie S2 Divina Edition,800,0.065,0.065,0.530,0.530,ASUS ROG Swift PG258Q,240,GTX 1080,1920x1080,Glorious 3XL,Logitech G Pro Mechanical Keyboard,HyperX Cloud Alpha,Kreo Fortnite Settings
73,  The Boys,TONYBOY,FinalMouse Air58 Ninja CBR Edition,620,0.110,0.110,0.600,0.590,Alienware AW2518H,240,GTX 1080 Ti,1920x1080,HyperX FURY S Pro,Ducky One 2 Mini RGB,Sennheiser GSP 600,
98,  Streamer,Branchies,Zowie EC1-B,400,0.200,0.200,1.000,0.500,AOC G2460PQU,144,RTX 2070,1440x1080,Glorious 3XL,Corsair K-70 RGB,Razer Kraken TE,Branchies Fortnite Settings
22,  Team Atlantis,Mitr0,Zowie S2 Divina Edition,800,0.085,0.062,1.000,1.000,BenQ XL2430,144,RTX 2080,1750x1080,Zowie G-SR-SE Divina Pink Edition,Razer BlackWidow Chroma,Logitech G633,Mitr0 Fortnite Settings
98,  Streamer,CynicalJoker,Logitech G903,800,0.070,0.070,1.000,1.000,,,,1920x1080,,Logitech G413,Audio Technica ATH-M50x,
98,  Streamer,ssorN,Logitech G305,800,0.050,0.050,1.000,1.000,Acer XF250Q,240,,1728x1080,Glorious XL Heavy,CM Storm Quickfire TK,Sennheiser HD 598SR,
66,  E11 Gaming,BlooTea,FinalMouse Ultralight Phantom,800,0.080,0.080,0.300,0.300,Alienware AW2518H,240,GTX 1080 Ti,1920x1080,SteelSeries QcK Heavy,Ducky MIYA Pro Sakura,HyperX Cloud Flight,BlooTea Fortnite Settings
98,  Streamer,GreyFox,FinalMouse Ultralight Pro,800,0.100,0.100,0.600,0.550,ASUS ROG Swift PG258Q,240,GTX 1070,1600x1080,Glorious 3XL,Corsair K65 Rapidfire,Beyerdynamic DT 990 Pro,GreyFox Fortnite Settings
22,  Team Atlantis,K1nzell,Logitech G Pro Gaming Mouse,400,0.110,0.110,1.000,1.000,ASUS VG248QE,144,RTX 2080,1920x1080,HyperX FURY S Pro X-Large,Ducky MIYA Pro Panda,HyperX Cloud II,K1nzell Fortnite Settings
16,  Virtus.pro,7ssk7,Logitech G502 Wireless,800,0.120,0.120,1.000,1.000,BenQ XL2411Z,144,RTX 2080 Ti,1920x1080,Zowie G-SR,Equalz One Custom,Sennheiser GAME ZERO,7ssk7 Fortnite Settings
16,  Virtus.pro,Jamside,Logitech G903,800,0.062,0.062,0.500,0.500,BenQ XL2411Z,144,GTX 1060,1920x1080,HyperX FURY S Pro X-Large,LEOPOLD FC750R,HyperX Cloud Alpha,Jamside Fortnite Settings
98,  Streamer,Frizzable,Logitech G502 Proteus Spectrum,800,0.090,0.090,0.450,0.470,BenQ XL2411Z,144,GTX 1070,1440x1080,Razer Goliathus Control,Razer BlackWidow Chroma,HyperX Cloud Revolver S,Frizzable Fortnite Settings
28,  Alliance,Tommo,FinalMouse Air58 Ninja CBR Edition,800,0.100,0.100,0.500,0.500,Alienware AW2518H,240,GTX 1060,1920x1080,HyperX FURY S Pro X-Large,Razer BlackWidow Chroma TE V2,Sennheiser HD 598,Tommo Fortnite Settings
98,  Streamer,Freakeh,MIONIX Avior SK,800,0.090,0.090,1.000,1.000,,,,1920x1080,,CM Storm QuickFire TK Stealth,HyperX Cloud II,
4,  Ghost Gaming,Kayuun,Logitech G Pro Wireless,800,0.050,0.050,1.000,1.000,ASUS ROG Swift PG258Q,240,GTX 1080,1920x1080,SteelSeries QcK+,Ducky MIYA Pro Sakura,HyperX Cloud II,Kayuun Fortnite Settings
98,  Streamer,Danzhizzle,Zowie FK1,400,0.110,0.110,1.000,1.000,BenQ XL2430T,144,,1920x1080,SteelSeries QcK+,Corsair K90,AKG K702,
98,  Streamer,Frost,Logitech G Pro Wireless,400,0.110,0.080,0.750,0.950,ASUS VG248QE,144,,1920x1080,Glorious 3XL,Corsair K95,HyperX Cloud Flight,
28,  Alliance,Tickeling,Logitech G Pro Wireless,800,0.110,0.110,0.310,0.310,BenQ XL2411P,144,GTX 1070,1728x1080,Razer Goliathus Speed Extended,Razer BlackWidow Elite,SteelSeries Arctis 7,Tickeling Fortnite Settings
28,  Alliance,Powder,Razer DeathAdder Elite,800,0.070,0.050,1.000,1.000,BenQ XL2411Z,144,,1920x1080,SteelSeries QCK XXL,SteelSeries APEX M750 TKL,SteelSeries Arctis 7,Powder Fortnite Settings
1,  FaZe Clan,Nate Hill,FinalMouse Ultralight Phantom,800,0.085,0.085,1.000,1.000,Acer XF250QA,240,RTX 2080 Ti,1920x1080,SteelSeries QcK FaZe Clan Edition,SteelSeries APEX M750 TKL,SteelSeries Arctis Pro Wireless,Nate Hill Fortnite Settings
98,  Streamer,hanieldarrison,Logitech G502 Proteus Spectrum,"1,600",0.030,0.030,1.000,1.000,,,,1920x1080,SteelSeries QCK XXL,Corsair K-70 RGB,Beyerdynamic DT 990 Pro,
12,  Rogue,AlexJJ,Zowie FK2,400,0.000,0.000,0.000,0.000,BenQ XL2420T,144,,1920x1080,SteelSeries QcK Mass,,HyperX Cloud I,
98,  Streamer,Skulley,FinalMouse Ultralight Phantom,800,0.160,0.160,1.000,1.000,ASUS VG248QE,144,,1920x1080,HyperX FURY S Pro,HyperX Alloy FPS,HyperX Cloud II,
26,  100 Thieves,Nadeshot,Razer Basilisk,"1,200",0.040,0.040,1.000,1.000,BenQ XL2730Z,144,,1920x1080,SteelSeries QcK+,Razer BlackWidow Chroma,ASTRO A40,Nadeshot Fortnite Settings
98,  Streamer,Mccreamy,Razer DeathAdder Elite,400,0.130,0.130,0.450,0.450,BenQ XL2540,240,RTX 2080 Ti,1920x1080,Logitech G640,Corsair STRAFE,Logitech G933,
6,  CLG,WishYouLuckk,Logitech G403,800,0.060,0.060,1.000,1.000,Acer Predator XB241H,180,GTX 1080 Ti,1600x1080,Logitech G640,Razer BlackWidow TE,Audio-Technica ATH-ADG1X,WishYouLuckk Fortnite Settings
86,  YaLLa Esports,Xited,FinalMouse Air58 Ninja CBB Edition,400,0.120,0.100,0.650,0.600,BenQ XL2430T,144,GTX 1080,1444x1080,Cooler Master MP510,Ducky One 2 Mini RGB,Beyerdynamic DT 990 Pro,Xited Fortnite Settings
6,  CLG,Chrispy,Logitech G502 Proteus Spectrum,900,0.070,0.050,0.600,0.600,BenQ XL2411P,144,GTX 1080 Ti,1600x1080,HyperX FURY S Pro,Corsair K70 Rapidfire,Sennheiser HD 700,Chrispy Fortnite Settings
98,  Streamer,Goofy,Razer DeathAdder Elite,800,0.050,0.040,0.340,0.340,ASUS VG248QE,144,,1600x900,Logitech G240,Xtrfy K2-RGB,Razer Kraken Pro V2,Goofy Fortnite Settings
37,  LeStream,Skite,Logitech G703,600,0.200,0.140,0.200,0.200,AOC G2460PQU,144,,1920x1080,,Logitech G Pro Mechanical Keyboard,Logitech G633,Skite Fortnite Settings
98,  Streamer,stonde,Zowie EC1-A,400,0.050,0.050,1.000,1.000,BenQ XL2411Z,144,,1920x1080,ROCCAT TAITO,Ozone Gaming Strike Battle,Sennheiser GAME ZERO,stonde Fortnite Settings
99,  Youtuber,Zuckles,,400,0.110,0.110,1.000,0.440,,,,1920x1080,HyperX FURY S Pro,,Logitech G233,
98,  Streamer,three,Logitech G Pro Wireless,400,0.150,0.150,0.700,0.650,Alienware AW2518H,240,,1154x1080,SteelSeries QcK+,Ducky One TKL,Razer Kraken TE,three Fortnite Settings
84,  Parallel,Beaks,Logitech G502 Wireless,400,0.080,0.080,0.500,0.650,Acer XF250Q,240,,1920x1080,,Azeron Keypad,,
33,  Team Heretics,Rike,Logitech G Pro Wireless,800,0.060,0.050,0.300,0.300,BenQ XL2546,240,,1856x1080,Zowie G-SR,Corsair K65 Rapidfire,Ozone Rage,
28,  Alliance,RizaaR,Logitech G305,"1,600",0.200,0.200,0.370,0.370,Alienware AW2518H,240,GTX 1080,1920x1080,H1Z1 Extended Mousepad,Razer BlackWidow Chroma TE V2,Corsair VOID Pro White,RizaaR Fortnite Settings
98,  Streamer,Tylarzz,Logitech G Pro Gaming Mouse,400,0.110,0.080,0.700,0.550,BenQ XL2420T,144,GTX 1070,1920x1080,ROCCAT TAITO,Logitech G Pro Mechanical Keyboard,Razer Kraken TE,Tylarzz Fortnite Settings
12,  Rogue,Morgausse,Logitech G703,400,0.120,0.120,0.400,0.400,BenQ XL2540,240,GTX 1060,1920x1080,Zowie G-SR,Corsair K70 Rapidfire,HyperX Cloud II,Morgausse Fortnite Settings
98,  Streamer,Jacko,Razer Mamba Elite,"1,600",0.070,0.070,0.350,0.400,BenQ XL2411P,144,,1154x1080,HyperX FURY S Pro X-Large,Razer BlackWidow Chroma,Corsair VOID Pro White,Jacko Fortnite Settings
19,  G2 Esports,Lothar,Logitech G Pro Wireless,500,0.130,0.130,1.000,1.000,AOC AG251FZ,240,GTX 1080 Ti,1920x1080,Logitech G Powerplay,Logitech G Pro Mechanical Keyboard,Logitech G Pro Gaming Headset,Lothar Fortnite Settings
22,  Team Atlantis,Magin,FinalMouse Ninja Air58 CBR Edition,400,0.120,0.120,1.000,1.000,Alienware AW2518H,240,RTX 2080 Ti,1920x1080,Artisan FX Zero Mid,Razer BlackWidow Chroma TE V2,HyperX Cloud II,Magin Fortnite Settings
98,  Streamer,dellor,Logitech G Pro Gaming Mouse,"1,000",0.040,0.030,0.650,0.550,BenQ XL2411Z,144,,1920x1080,SteelSeries QcK+,Logitech Office Pro PS/2,SteelSeries Arctis Pro,
98,  Streamer,Jiren,Logitech G Pro Wireless,900,0.070,0.060,0.440,0.600,Acer Predator XB272,240,GTX Titan X Pascal,1920x1080,SteelSeries QCK XXL,Ducky Year of the Dog,Razer Kraken Pro V2,Jiren Fortnite Settings
98,  Streamer,Seize,Razer DeathAdder Chroma,"1,800",0.090,0.090,1.000,1.000,BenQ XL2411P,144,,1440x1080,ASUS ROG Sheath,MARVO KG922,HyperX Cloud II,Seize Fortnite Settings
98,  Streamer,Strugs,Logitech G Pro Wireless,800,0.100,0.100,0.500,0.500,ASUS VG248QE,144,,1440x1080,Glorious 3XL,Logitech G Pro Mechanical Keyboard,HyperX Cloud II,Strugs Fortnite Settings
3,  Team SoloMid Jr,slappie,Logitech G703,400,0.120,0.110,0.650,0.650,Acer Predator XB1,144,GTX 1080,1920x1080,Artisan Shiden-Kai Snow White,Razer BlackWidow Elite,Astro A50,slaappie Fortnite Settings
34,  Wildcard,Povsy,Razer DeathAdder Elite,800,0.100,0.100,1.000,1.000,ASUS ROG SWIFT PG278QR,165,,2560x1440,,,HyperX Cloud Revolver S,
30,  compLexity Gaming,Punisher,Logitech G Pro Wireless,800,0.130,0.130,0.350,0.350,Acer XFA240,144,,1920x1080,Logitech G640,Logitech G Pro Mechanical Keyboard,ASTRO A40,Punisher Fortnite Settings
13,  Fnatic,Pr0vokd,Logitech G502 Proteus Spectrum,400,0.210,0.210,1.000,1.000,,144,,1920x1080,,Cooler Master Devastator,HyperX Cloud II,
19,  G2 Esports,RazZzero0o,Logitech G Pro Wireless,800,0.060,0.060,0.600,0.600,AOC AG251FZ,240,,1920x1080,Logitech G Powerplay,Logitech G Pro Mechanical Keyboard,Logitech G Pro Gaming Headset,RazZzero0o Fortnite Settings
98,  Streamer,Arikadou,Logitech G403,800,0.100,0.050,0.400,0.500,BenQ XL2546,240,,1600x1080,Razer Gigantus,HyperX Alloy FPS,ASTRO A40,Arikadou Fortnite Settings
98,  Streamer,bohon,FinalMouse Ultralight Phantom,400,0.090,0.070,1.000,1.000,ASUS VG248QE,144,,1154x1080,SteelSeries QcK+,Razer BlackWidow X TE Chroma,Razer Mano'War,bohon Fortnite Settings
98,  Streamer,dummy,Logitech G403 Wireless,800,0.100,0.100,0.500,0.500,ASUS VG248QE,144,,1440x1080,SteelSeries QcK+,Logitech G Pro Mechanical Keyboard,Razer Kraken TE,dummy Fortnite Settings
98,  Streamer,Oscurlod,Corsair M65 Pro,"1,000",0.070,0.050,0.700,0.600, Acer GN246HL,144,,1920x1080,Glorious 3XL,Corsair K-70 RGB,HyperX Cloud Alpha,
1,  FaZe Clan Streamer,Mew,Corsair M65 Pro,"1,000",0.130,0.130,1.000,1.000,BenQ XL2755,60,GTX 1070,1920x1080,,Razer BlackWidow Chroma,ASTRO A40,
1,  FaZe Clan,Martoz,Logitech G Pro Wireless,400,0.120,0.120,1.000,0.406,ASUS ROG Swift PG258Q,240,RTX 2080 Ti,1656x1080,Zowie G-SR,Logitech G Pro Mechanical Keyboard,ASTRO A40,Martoz Fortnite Settings
4,  Ghost Gaming,thwifo,Glorious Model O Matte White,800,0.129,0.099,0.800,0.800,Alienware AW2518H,240,RTX 2070,1920x1080,SteelSeries QcK+,Logitech G Pro Mechanical Keyboard,Astro A50,thwifo Fortnite Settings
99,  Youtuber,Typical Gamer,Logitech G Pro Wireless,800,0.100,0.100,1.000,1.000,Alienware AW2518H,240,,1920x1080,Typical Infinity Pad,Ducky One 2 Mini RGB,Audio Technica ATH-M50x,Typical Gamer Fortnite Settings
18,  devils.one,Taiovsky,Logitech G403 Wireless,800,0.070,0.050,0.850,0.850,Acer XF240H,144,,1920x1080,,CM Masterkeys S PBT,AKG 702,
22,  Team Atlantis,RustyMachine,Logitech G305,400,0.130,0.130,0.800,0.800,BenQ XL2411,144,,1920x1080,,Corsair STRAFE,ASTRO A40,
98,  Streamer,Jarl,Fnatic Gear Flick 2,"1,200",0.080,0.080,0.650,0.650,,160,,1079x1080,Fnatic Gear FOCUS 2,Fnatic Gear Streak,Fnatic Gear Duel,
36,  Team 9z,zEkO,Logitech G502 Proteus Spectrum,800,0.120,0.120,1.000,1.000,,,,1511x1080,Logitech G640,Logitech G413 Carbon,ASTRO A40,
33,  Team Heretics,Markilokuras,Logitech G502 Proteus Spectrum,"1,300",0.180,0.180,1.000,1.000,BenQ XL2546,240,,1920x1080,,Corsair K70 Rapidfire,Logitech G533 Wireless,
8,  Cloud9,BlackoutZ,Logitech G Pro Wireless,400,0.102,0.102,0.600,0.600,BenQ XL2546,240,RTX 2080 Ti,1920x1080,HyperX Fury S Speed C9 Edition,Anne PRO 2,HyperX Cloud II,BlackoutZ Fortnite Settings
5,  Team Secret,Fuzzy,Logitech G Pro Wireless,400,0.170,0.130,1.000,1.000,BenQ XL2546,240,,1920x1080,Logitech G640,Logitech G Pro Mechanical Keyboard,Logitech G Pro Gaming Headset,
18,  devils.one,HOOPEK,Logitech G703,400,0.110,0.080,1.000,1.000,BenQ XL2720Z,144,,1920x1080,Logitech G640,Varmilo CMYK MX-Cherry Brown,Sennheiser GAME ZERO,
99,  Youtuber,Sharshock,Logitech G Pro Gaming Mouse,800,0.070,0.070,0.600,0.450,ASUS MG248Q,144,GTX 1080 Ti,1920x1080,Logitech G440,Logitech G610,Logitech G633,
26,  100 Thieves,Blind,HyperX Pulsefire FPS,800,0.080,0.060,1.000,1.000,,,,1920x1080,HyperX FURY S Pro,HyperX Alloy FPS Pro,HyperX Cloud Revolver S,
98,  Streamer,aceNoypi,Zowie EC2-A,800,0.120,0.080,1.000,1.000,,,,1920x1080,,Corsair K-70 RGB,HyperX Cloud II,
98,  Streamer,Skyla,Logitech G Pro Wireless,800,0.075,0.075,0.440,0.440,Acer KG251Q,240,GTX 1060,1920x1080,Zowie G-SR-SE,CoolerMaster MK750,HyperX Cloud II,
23,  PENTA Sports,Xime,SteelSeries Rival 600,400,0.160,0.160,1.000,1.000,Acer GN246HL,144,,1920x1080,Glorious 3XL,Razer BlackWidow Chroma TE V2,HyperX Cloud II,
23,  PENTA Sports,kCin,Razer DeathAdder Elite,800,0.100,0.100,1.000,1.000,ASUS VG248QE,144,,1154x1080,HyperX FURY S Pro,Razer BlackWidow Chroma,Logitech G430,
98,  Streamer,Cringe,Xtrfy M2 NiP Edition,500,0.060,0.060,1.000,1.000,AOC G2460F,144,,1080x1080,Xtrfy XGP1-L4,Xtrfy K2-RGB,Xtrfy H1,
73,  The Boys,ZotieBoy,Logitech G Pro Wireless,400,0.122,0.107,0.746,0.751,ASUS VG248QE,144,GTX 1060,1920x1080,HyperX FURY S Pro,HyperX Alloy FPS Pro,HyperX Cloud II,
98,  Streamer,Meoh,Logitech G Pro Wireless,400,0.160,0.160,0.650,0.650,Acer Predator XB241H,180,,1154x1080,HyperX FURY S Pro,Corsair K65,Sennheiser GSP 600,Meoh Fortnite Settings
98,  Streamer,Nikolai,Logitech G502 Proteus Spectrum,800,0.140,0.140,0.600,0.600,Alienware AW2518H,240,,1444x1080,Corsair MM300,Razer BlackWidow Chroma V2,GAMDIAS Hephaestus,Kenith Fortnite Settings
22,  Team Atlantis,Juganza,Logitech G Pro Wireless,800,0.220,0.220,0.500,0.500,BenQ XL2411Z,144,,1750x1080,SteelSeries QcK+,Razer BlackWidow Chroma,Razer Kraken Pro V2,Juganza Fortnite Settings
98,  Streamer,Korea10,Zowie EC2-A,800,0.050,0.050,0.850,0.600,ASUS VG248QE,144,,1920x1080,Razer Goliathus Speed,Razer BlackWidow Chroma Stealth,Sennheiser HD558,Korea10 Fortnite Settings
98,  Streamer,Pate1k,Zowie ZA13 White Edition,800,0.050,0.050,0.200,0.200,BenQ XL2540,240,,1920x1080,SteelSeries QcK+,Varmilo VA87M Panda White,HyperX Cloud Alpha,Pate1k Fortnite Settings
4,  Ghost Gaming,Dmo,FinalMouse Ultralight Sunset,"1,600",0.040,0.040,1.000,1.000,BenQ XL2540,240,,1920x1080,SteelSeries QcK+,Corsair K70 Rapidfire,Beyerdynamic DT 990 Pro,Dmo Fortnite Settings
33,  Team Heretics,ryux,SteelSeries Rival 300,400,0.110,0.090,1.000,1.000,Acer GN246HL,144,,1444x1080,Logitech G240,Logitech G213,Razer Mano'War,
1,  FaZe Clan,Vorwenn,Logitech G Pro Wireless,400,0.140,0.140,0.752,0.600,BenQ XL2411P,144,RTX 2080 Ti,1750x1080,SteelSeries QcK FaZe Clan Edition,Ducky One 2 Mini RGB,SteelSeries Arctis Pro,Vorwenn Fortnite Settings
35,  SoaR Gaming,Fruit,Logitech G Pro Wireless,400,0.160,0.100,0.400,0.330,Acer GN246HL,144,,1920x1080,HyperX FURY S Pro,Ducky Shine 5,CORSAIR HS70,
98,  Streamer,Keeoh,HyperX Pulsefire Surge,400,0.100,0.100,1.000,1.000,,,GTX 1080,1920x1080,HyperX FURY S Pro,HyperX Alloy FPS Pro,HyperX Cloud Flight,
73,  The Boys,Pulgaboy,Gaming Genious M,"3,500",0.211,0.207,1.000,1.000,Alienware AW2518H,144,RTX 2080 Ti,1920x1080,Redragon Suzaku,MOTOSPEED 104,Logitech G633,
27,  FlyQuest,Hansol,Zowie EC2-A,800,0.120,0.120,0.500,0.750,ASUS VG248QE,144,NVIDIA 970 Founders Edition,1444x1080,Thermaltake Tt Dasher,Ducky One 2 Mini RGB,Sennheiser HD558,Hansol Fortnite Settings
22,  Team Atlantis,Khuna,Glorious Model O Glossy Black,400,0.100,0.100,0.700,0.500,BenQ XL2546,240,GTX 1080,1920x1080,Glorious 3XL,Anne PRO 2,Beyerdynamic DT 990 Pro,Khuna Fortnite Settings
40,  Cooler Esport,Nyhrox,Logitech G Pro Wireless,"1,200",0.080,0.080,0.410,0.410,Acer KG251Q,240,GTX 1060,1920x1080,Logitech G840,Anne PRO 2,Razer Kraken TE,Nyhrox Fortnite Settings
4,  Ghost Gaming,Bizzle,FinalMouse Classic Ergo 2,800,0.080,0.080,0.500,0.750,Alienware AW2518H,240,GTX 1080 Ti,1600x900,SteelSeries QCK XXL,Logitech G910,Beyerdynamic DT 990 Pro,Bizzle Fortnite Settings
4,  Ghost Gaming,Snood,FinalMouse Air58 Ninja CBR Edition,"1,600",0.050,0.040,0.465,1.000,Alienware AW2518H,240,GTX 1070 Ti,1920x1080,Zowie G-SR-SE Divina Pink Edition,Logitech G Pro Mechanical Keyboard,Logitech G633,Snood Fortnite Settings
10,  Luminosity Gaming,Gunfly,Logitech G Pro Wireless,800,0.060,0.060,0.590,0.550,BenQ XL2540,240,GTX 1080 Ti,1920x1080,Zowie G-SR-SE Divina Pink Edition,KBD75v2 Custom Keyboard DIY Kit,ASTRO A40,Gunfly Fortnite Settings
99,  Youtuber,Zizros,Logitech G402,400,0.122,0.122,0.400,0.400,ASUS VG248QE,144,GTX 1070 Ti,1444x1080,Glorious XXL,CM MasterKeys Pro S TKL,Razer Kraken TE,Zizros Fortnite Settings
89,  OP Gaming,Aimhero,SteelSeries Rival 310,400,0.160,0.140,0.201,0.590,,,GTX 1080 Ti,1920x1080,Zowie G-SR,LEOPOLD FC750R,HyperX Cloud Revolver S,
7,  NRG Esports,MrSavageM,ROCCAT Kone Pure Owl-Eye,"1,600",0.081,0.081,0.950,0.950,Acer Predator XB271HU,165,RTX 2080 Ti,1920x1080,ROCCAT Sense Vital Force XXL,ROCCAT Vulcan 121 AIMO,Razer Kraken Pro V2,MrSavageM Fortnite Settings
11,  Team Vitality,Keolys,Logitech G Pro Wireless,400,0.140,0.140,0.420,0.650,BenQ XL2411,144,GTX 1080,1920x1080,SteelSeries QCK XXL,Razer BlackWidow Chroma V2,Razer Kraken TE,Keolys Fortnite Settings
98,  Streamer,Sops,FinalMouse Ultralight Phantom,400,0.130,0.130,0.600,0.600,BenQ XL2411Z,144,GTX 1070,1444x1080,SteelSeries QCK XXL,Corsair K70 LUX,HyperX Cloud II,Sops Fortnite Settings
11,  Team Vitality,Maxalibur,Logitech G903,"1,350",0.080,0.080,0.390,0.330,BenQ XL2411,144,GTX 1080 Ti,1444x1080,SteelSeries QCK XXL,Ducky Year of the Dog,Plantronics RIG500E,Maxalibur Fortnite Settings
94,  Raised By Kings,LeftEye,Logitech G Pro Wireless Easter Pink,400,0.115,0.105,0.332,0.350,ASUS ROG Swift PG258Q,240,GTX 1060,1920x1080,Zowie G-SR-SE Divina Pink Edition,CM MasterKeys Pro S,ASTRO A40 TR X-Edition,LeftEye Fortnite Settings
32,  Winstrike,Luuu90,Zowie FK1,800,0.060,0.060,0.650,0.800,BenQ XL2411Z,144,GTX 1080,1920x1080,Zowie G-SR,Razer BlackWidow Elite,Sennheiser GSP 600,Luuu90 Fortnite Settings
84,  Parallel,Gorb,Razer DeathAdder Chroma,800,0.140,0.100,1.000,1.000,Acer Predator XB271HU,144,GTX 1080,1920x1080,Glorious 3XL,Anne PRO 2 White,Sennheiser HD 650,Gorb Fortnite Settings
4,  Ghost Gaming,Aydan,SCUF Infinity4PS PRO Black,0,0.700,0.670,0.350,0.340,Alienware AW2518H,240,RTX 2080 Ti,1920x1080,,,ASTRO A40,Aydan Fortnite Settings
22,  Team Atlantis,kejseR,FinalMouse Air58 Ninja CBB Edition,400,0.223,0.223,0.680,0.550,ASUS ROG Swift PG258Q,240,ASUS GeForce RTX 2080,1920x1080,Mousepad Atlantis Edition,Corsair K95,Corsair VOID Pro,kejseR Fortnite Settings
30,  compLexity Gaming,Lanjok,Logitech G Pro Wireless,400,0.130,0.130,0.610,0.610,Dell S2716DG,144,RTX 2080,1920x1080,Glorious XXL,HyperX Alloy FPS Pro,HyperX Cloud Alpha,Lanjok Fortnite Settings
66,  E11 Gaming,Boyer,FinalMouse Ultralight Phantom,400,0.100,0.100,0.650,0.650,BenQ XL2540,240,GTX 1080 Ti,1920x1080,SteelSeries QCK XXL,Vortex Pok3r,Sennheiser GAME ZERO,Boyer Fortnite Settings
22,  Team Atlantis,Tuckz717,FinalMouse Air58 Ninja CBR Edition,400,0.130,0.130,0.500,0.500,ASUS ROG Swift PG258Q,240,GTX 1080 Ti,1920x1080,Glorious 3XL White,Razer BlackWidow Chroma TE V2,Sennheiser HD 700,Tuckz717 Fortnite Settings
64,  Renegades,Jesse,FinalMouse Ultralight Pro,400,0.120,0.120,0.500,0.500,Alienware AW2518H,240,GTX 1080 Ti,1920x1080,Zowie G-SR-SE,HyperX Alloy Elite,HyperX Cloud Alpha,
64,  Renegades,Jordan,Zowie S2 Divina Edition,400,0.120,0.120,0.600,0.600,Alienware AW2518H,240,GTX 1080,1920x1080,Zowie G-SR-SE,Ducky MIYA Pro Panda,HyperX Cloud Alpha,
11,  Team Vitality,AdZ,Logitech G903,"1,200",0.070,0.070,1.000,1.000,MSI Optix G27C2,144,GTX 1080 Ti,1920x1080,Corsair MM800 Polaris,HyperX Alloy FPS,,
13,  Fnatic,Motor,Logitech G Pro Wireless,800,0.075,0.075,1.000,1.000,ASUS VG248QE,144,RX Vega 64,1280x1080,Fnatic Gear FOCUS 2,Fnatic Gear MiniStreak,HyperX Cloud II,Motor Fortnite Settings
98,  Streamer,Fulmer,Zowie FK1,"1,600",0.030,0.030,0.650,0.650,,,,1920x1080,,Ducky One TKL,,
98,  Streamer,swag,Logitech G Pro Wireless,400,0.130,0.130,0.650,0.550,ASUS VG248QZ,144,GTX 1080 Ti,1600x1080,SteelSeries QCK XXL,Vortex Pok3r,Sennheiser HD598 SE,swag Fortnite Settings
4,  Ghost Gaming,Issa,DualShock 4 Black Edition,0,0.745,0.745,0.300,0.350,ASUS VG248QE,144,RTX 2080 Ti,1920x1080,,,ASTRO A40,Issa Fortnite Settings
4,  Ghost Gaming,Kamo,SCUF Movember Clayster Edition,0,0.670,0.670,0.350,0.500,ASUS ROG Swift PG258Q,240,RTX 2080 Ti,1920x1080,,,SteelSeries Arctis Pro Wireless,Kamo Fortnite Settings
98,  Streamer,Tristan,Razer DeathAdder Elite,400,0.100,0.100,1.000,1.000,ASUS VG248QE,144,GTX 1080 Ti,1920x1080,Corsair MM200 XXL,Corsair K65,HyperX Cloud I White,Tristan Fortnite Settings
3,  Team SoloMid,ZexRow,Logitech G Pro Gaming Mouse,400,0.120,0.120,0.400,0.400,ASUS ROG Swift PG258Q,240,RTX 2080 Ti,1920x1080,Logitech G640 TSM Edition,Logitech G Pro Mechanical Keyboard,Astro A50,ZexRow Fortnite Settings
1,  FaZe Clan Streamer,Funk,Logitech G Pro Wireless,800,0.060,0.060,0.600,0.400,Alienware AW2518H,240,RTX 2080 Ti,1920x1080,Glorious 3XL,Ducky One 2 TKL RGB,Sennheiser HD 599,Funk Fortnite Settings
98,  Streamer,Wunder,Logitech G Pro Wireless,800,0.089,0.089,0.500,0.500,"OMEN by HP 24.5""",144,GTX 1060,1444x1080,Glorious 3XL,Logitech G Pro Mechanical Keyboard,Razer Kraken TE,Wunder Fortnite Settings
98,  Streamer,TaizunBoy,HyperX Pulsefire FPS,"1,600",0.060,0.050,1.000,1.000,,,GTX 1060,1920x1080,HyperX FURY S Pro,HyperX Alloy FPS,HyperX Cloud Alpha,
1,  FaZe Clan Streamer,Tenser,FinalMouse Ultralight Phantom,400,0.080,0.080,1.000,1.000,,,,1920x1080,,Varmilo VA108M Panda White,Astro A50,
99,  Youtuber,rubixx,Logitech G Pro Wireless,400,0.150,0.150,0.600,0.540,Acer Predator XB272,240,GTX 1080,1279x1080,Corsair MM300,Ducky One 2 Mini RGB,Razer Kraken TE,rubixx Fortnite Settings
4,  Ghost Gaming,Saf,Logitech G403,800,0.060,0.060,0.500,0.500,Alienware AW2518H,144,RTX 2080 Ti,1920x1080,SteelSeries QcK+,Logitech G Pro Mechanical Keyboard,Beyerdynamic DT 990 Pro,Saf Fortnite Settings
99,  Youtuber,Orange,Logitech G Pro Wireless,400,0.130,0.130,0.220,0.180,BenQ XL2411P,144,RTX 2080,1920x1080,Zowie G-SR-SE Divina Pink Edition,Ducky MIYA Pro Sakura,Logitech G533,Orange Fortnite Settings
8,  Cloud9 KR,GANJi,Logitech G900,400,0.140,0.140,0.350,0.340,QNIX QX2414LED,144,GTX 1060,1920x1080,HyperX Fury S Speed C9 Edition,HyperX Alloy Elite,HyperX Cloud Alpha C9 Edition,GANJi Fortnite Settings
5,  Team Secret,Osmo,Razer DeathAdder Elite,800,0.159,0.159,0.600,0.600,AOC G2460F,144,GTX 1080 Ti,1920x1080,ADX Lava XL,Corsair K70 Rapidfire,Corsair VOID Pro,Osmo Fortnite Settings
19,  G2 Esports,NoWonder,Logitech G305,400,0.120,0.120,0.750,0.450,ASUS VG248QE,144,GTX Titan X Pascal,1444x1080,SteelSeries QCK XXL,Logitech G Pro Mechanical Keyboard,Logitech G Pro Gaming Headset,NoWonder Fortnite Settings
98,  Streamer,MoNsTcR,Logitech G403,800,0.130,0.120,0.350,0.350,ASUS ROG Swift PG258Q,240,GTX 1080 Ti,1920x1080,SteelSeries QCK XXL,Ducky One 2 Mini RGB,ASTRO A40,
3,  Team SoloMid Jr,Commandment,Logitech G Pro Wireless,800,0.039,0.035,1.000,1.000,ASUS VG248QE,144,GTX 1080 Ti,1920x1080,Arozzi Arena Gaming Desk,Logitech G Pro Mechanical Keyboard,Astro A50,Commandment Fortnite Settings
22,  Team Atlantis,Astro,Logitech G Pro Wireless,400,0.120,0.120,0.520,0.520,ASUS VG248QE,144,GTX 1060,1920x1080,Zowie G-SR,Ducky One 2 TKL RGB,HyperX Cloud II,Astro Fortnite Settings
22,  Team Atlantis,Flikk,Logitech G703,"1,600",0.072,0.051,0.357,0.628,ASUS VG248QE,144,GTX 1080 Ti,1920x1080,Logitech G840,Fnatic Gear Streak,HyperX Cloud II,Flikk Fortnite Settings
98,  Streamer,Finalight,FinalMouse Ultralight Pro,800,0.074,0.076,0.901,0.655,ASUS VG248QE,144,RTX 2060,1600x1080,SteelSeries QCK XXL,Ducky MIYA Pro Sakura,SteelSeries Arctis 5,Finalight Fortnite Settings
84,  Vodafone Giants,xisma,Logitech G Pro Wireless,800,0.080,0.080,0.400,0.400,,,,1920x1080,Ozone Giants Mousepad,Ozone Gaming Strike Battle,Ozone Rage Z90,
99,  Streamer,Bloodx,Logitech G403 Wireless,400,0.160,0.160,0.500,0.650,BenQ XL2420T,144,,1920x1080,Glorious 3XL,Logitech G Pro Mechanical Keyboard,,
5,  Team Secret,Milan,Logitech G203,"1,000",0.063,0.063,0.552,0.700,BenQ XL2546,240,GTX 1080 Ti,1920x1080,Corsair MM300,Corsair K65 Rapidfire,Corsair HS60,
98,  Streamer,Reeloads,Logitech G Pro Wireless,800,0.150,0.150,1.000,1.000,ASUS VG248QE,144,GTX 1080,1600x900,,Vortex Pok3r,HyperX Cloud II,
4,  Ghost Gaming,GroNky,Xbox Elite Wireless Black,,0.653,0.600,0.427,0.398,Alienware AW2518H,240,RTX 2080,1920x1080,,,ASTRO A40,GroNky Fortnite Settings
3,  Team SoloMid,Vinny1x,Zowie S2 Divina Edition,400,0.100,0.100,0.450,0.450,ASUS ROG Swift PG258Q,240,GTX 1080 Ti,1920x1080,Zowie G-SR-SE Divina Pink Edition,Logitech G512,Astro A50,Vinny1x Fortnite Settings
15,  Misfits,Clix,Logitech G903,800,0.087,0.063,0.909,0.827,Alienware AW2518H,240,GTX 1080,1920x1080,Glorious XXL,Razer BlackWidow Elite,Beyerdynamic DT 990 Pro,Clix Fortnite Settings
35,  SoaR Gaming,JT,FinalMouse Ultralight Pro,800,0.080,0.080,0.400,0.400,ASUS VG248QE,144,RTX 2070,1920x1080,HyperX FURY S Pro,Razer BlackWidow Elite,HyperX Cloud II,JT Fortnite Settings
1,  FaZe Clan,Nickmercs,SCUF Infinity4PS PRO Gold,0,0.700,0.650,0.400,0.500,Alienware AW2518H,240,RTX 2080 Ti,1920x1080,,,ASTRO A40,Nickmercs Fortnite Settings
7,  NRG Esports,Benjyfishy,Logitech G Pro Wireless Easter Pink,800,0.140,0.140,0.700,0.700,ASUS ROG Swift PG258Q,240,RTX 2080 Ti,1811x1080,Cooler Master MP510,Razer BlackWidow Chroma,HyperX Cloud Flight,Benjyfishy Fortnite Settings
99,  Youtuber,Blix,Logitech G Pro Wireless,800,0.600,0.600,0.385,0.380,Acer GN246HL,144,GTX 1080 Ti,1154x1080,Cooler Master MP510 Extra Large,Razer BlackWidow Elite,Corsair VOID Pro,Blix Fortnite Settings
26,  100 Thieves,Kyzui,Logitech G403,400,0.150,0.150,0.750,0.750,Alienware AW2518H,240,RTX 2070,1920x1080,Logitech G640,Razer BlackWidow Ultimate,Turtle Beach Recon 60P,
6,  CLG,dafps,Logitech G Pro Wireless,800,0.070,0.070,0.500,0.500,ASUS ROG Swift PG258Q,240,GTX 1080 Ti,1920x1080,Glorious 3XL,Varmilo VA87M,,
99,  Youtuber,Howl,Zowie EC2-A White Edition,800,0.145,0.145,0.500,0.500,BenQ XL2546,240,GTX 1060,1920x1080,Zowie G-SR,Filco Majestouch TKL,,
99,  Youtuber,Pekanboy,Logitech G305,800,0.110,0.100,0.550,0.550,AOC G2460F,144,,1598x1080,HyperX FURY S Pro X-Large,HyperX Alloy FPS Pro,HyperX Cloud Alpha,
1,  FaZe Clan,H1ghSky1,Logitech G305,"1,000",0.100,0.100,1.000,1.000,Acer GN246HL,144,RTX 2080,1920x1080,SteelSeries QcK FaZe Clan Edition,Ducky MIYA Pro Panda,Beyerdynamic DT 990 Pro,H1ghSky1 Fortnite Settings
86,  YaLLa Esports,Sad,Logitech G Pro Wireless,800,0.100,0.100,1.000,1.000,ASUS ROG Swift PG258Q,240,GTX 1070,1349x1080,SteelSeries QcK Heavy,Logitech G Pro Mechanical Keyboard,Logitech G Pro Gaming Headset,Sad Fortnite Settings
12,  Rogue,Lamar,Zowie S1 Divina Edition,800,0.080,0.080,0.500,0.500,Alienware AW2518H,240,GTX 1080,1350x1080,Zowie G-SR-SE Divina Pink Edition,Ducky One TKL,Corsair VOID Pro,
3,  Team SoloMid,Clouds,Logitech G Pro Wireless,400,0.100,0.100,0.400,0.400,ASUS VG248QE,144,GTX 1070 Ti,1154x1080,Logitech G640 TSM Edition,Logitech G Pro Mechanical Keyboard,,
99,  Youtuber,Villex,Logitech G703,800,0.128,0.128,1.000,1.000,,60,,1920x1080,,,,
99,  Youtuber,Selage,Logitech G Pro Wireless,800,0.560,0.560,0.600,0.600,,,,1920x1080,,Vortex Pok3r,,
99,  Youtuber,marrentm,FinalMouse Air58 Ninja CBR Edition,800,0.090,0.055,0.560,0.540,,144,,1600x900,,,,
84,  Sentinels,Aspect,Logitech G403 Wireless,"1,600",0.030,0.030,1.000,1.000,Alienware AW2518H,240,RTX 2070,1920x1080,Sentinels Custom Mousepad,Ducky One TKL,Logitech G430,Aspect Fortnite Settings
1,  FaZe Clan,Megga,Logitech G502 Wireless,"1,800",0.027,0.031,0.204,0.366,BenQ XL2411P,144,RTX 2080 Ti,1920x1080,HyperX FURY S Pro,Anne PRO 2,SteelSeries Arctis Pro,Megga Fortnite Settings
84,  Parallel,Plu,FinalMouse Air58 Ninja CBB Edition,800,0.070,0.070,0.550,0.550,ASUS VG248QE,144,GTX 1060,1920x1080,Razer Goliathus Speed,Anne PRO 2 White,Beats Solo3,
66,  E11 Gaming,Stompy,Logitech G Pro Wireless,800,0.062,0.062,0.500,0.504,Alienware AW2518H,240,RTX 2070,1920x1080,Glorious 3XL,Corsair K65 Rapidfire,HyperX Cloud II,Stompy Fortnite Settings
2,  Team Liquid,Fiber,Logitech G Pro Wireless,800,0.080,0.080,0.700,0.700,Alienware AW2518H,240,GTX 1080 Ti,1920x1080,Glorious 3XL,Ducky One 2 Mini RGB,Alienware AW988,Fiber Fortnite Settings
84,  Sentinels,Bugha,FinalMouse Air58 Ninja CBB Edition,400,0.140,0.140,0.303,0.392,Alienware AW2518H,240,RTX 2080,1920x1080,Glorious 3XL,Logitech G Pro Mechanical Keyboard,Logitech G Pro Gaming Headset,Bugha Fortnite Settings
97,  Free Agent,Ares,Zowie S2 Divina Edition,400,0.151,0.151,1.000,1.000,ASUS ROG Swift PG258Q,240,RTX 2080 Ti,1600x900,SteelSeries QcK+,Varmilo VA88M Sakura Pink,Sennheiser HD 598SR,Ares Fortnite Settings
1,  FaZe Clan,Sway,SCUF Infinity4PS PRO Red,0,0.840,0.840,0.180,0.200,BenQ XL2546,240,RTX 2080 Ti,1920x1080,,,SteelSeries Arctis Pro,Sway Fortnite Settings
37,  LeStream,Nayte,Logitech G Pro Wireless,800,0.100,0.100,0.450,0.450,ASUS VG248QE,144,GTX 1070 Ti,1920x1080,Zowie G-SR,Ducky Year of the Dog,HyperX Cloud Pro,Nayte Fortnite Settings
1,  FaZe Clan,Jarvis,Xbox Elite Wireless Black,,0.737,0.737,0.247,0.365,Alienware AW2518H,240,RTX 2080,1920x1080,,,SteelSeries Arctis Pro Wireless,Jarvis Fortnite Settings
66,  E11 Gaming,Tschinken,Logitech G Pro Wireless,600,0.060,0.045,0.600,0.700,ASUS ROG Swift PG258Q,240,RTX 2080 Ti,1920x1080,Glorious 3XL,Razer Huntsman Elite,HyperX Cloud II,Tschinken Fortnite Settings
87,  LootBoy Esport,Skram,Logitech G Pro Wireless,400,0.100,0.100,0.500,0.500,ASUS VG248QE,144,RTX 2070,1920x1080,Glorious XXL,Corsair K65 Rapidfire,HyperX Cloud Alpha,Skram Fortnite Settings
98,  Streamer,crimz,Logitech G Pro Wireless,400,0.109,0.109,1.000,1.000,ASUS ROG Swift PG258Q,240,RTX 2080 Ti,1920x1080,Artisan Hayate Otsu,Ducky One 2 Mini RGB,ASTRO A40,crimz Fortnite Settings
26,  100 Thieves,Ceice,Razer DeathAdder Elite,400,0.130,0.130,0.380,0.380,Alienware AW2518H,240,GTX 1080,1920x1080,Glorious XXL,Vortex Pok3r,Razer Kraken TE,Ceice Fortnite Settings
6,  CLG,psalm,Logitech G Pro Wireless,800,0.060,0.060,0.700,0.500,ASUS VG248QE,144,RTX 2080 Ti,1920x1080,Zowie G-SR-SE Divina Pink Edition,Varmilo VA87M,AKG K712 PRO,psalm Fortnite Settings
88,  Envy,LeNain,Logitech G Pro Wireless,400,0.166,0.166,0.380,0.575,BenQ XL2540,240,GTX 1060,1920x1080,Glorious 3XL,Corsair K70 Rapidfire,Corsair HS60,LeNain Fortnite Settings
2,  Team Liquid,Riversan,Glorious Model O Glossy White,800,0.070,0.070,0.700,0.455,Acer XF270H,144,GTX 1080,1920x1080,Glorious 3XL,Ducky One 2 Mini RGB,Logitech G933,Riversan Fortnite Settings
1,  FaZe Clan,Dubs,FinalMouse Air58 Ninja CBB Edition,800,0.060,0.060,1.000,1.000,ASUS VG248QE,144,RTX 2070,1920x1080,SteelSeries QcK FaZe Clan Edition,Vortex Pok3r,SteelSeries Arctis Pro,Dubs Fortnite Settings
67,  Tempo Storm,Brush,Logitech G Pro Wireless Easter Pink,800,0.052,0.052,0.500,0.500,Acer GN246HL,144,GTX 1080 Ti,1920x1080,SteelSeries QCK XXL,Varmilo VA87M Sakura Pink,HyperX Cloud II,Brush Fortnite Settings
26,  100 Thieves,Elevate,Logitech G305,400,0.060,0.060,1.000,1.000,,,,1920x1080,SteelSeries QcK+,Razer BlackWidow Chroma TE V2,Razer Thresher TE,Elevate Fortnite Settings
3,  Team SoloMid,Pulse,Logitech G Pro Wireless,"1,150",0.077,0.501,0.703,0.501,Acer G247HYU,144,GTX 1070,2560x1440,Corsair MM800,Corsair K95,Beyerdynamic DT 990 Pro,Pulse Fortnite Settings
4,  Ghost Gaming,innocents,Xbox One Wireless White,,0.700,0.700,0.350,0.600,Alienware AW2518H,240,RTX 2080,1920x1080,,,ASTRO A40,innocents Fortnite Settings
22,  Team Atlantis,Letshe,Xbox Elite Wireless Black,,0.710,0.700,0.290,0.340,AOC C24G1,144,RTX 2070,1920x1080,,,Logitech G432,Letshe Fortnite Settings
24,  Gambit Esports,letw1k3,Logitech G Pro Wireless,800,0.118,0.118,0.498,0.498,BenQ XL2546,240,GTX 1080 Ti,1920x1080,SteelSeries QCK XXL,CM MasterKeys Pro S,HyperX Cloud Alpha,letw1k3 Fortnite Settings
4,  Ghost Gaming,Sean,Logitech G Pro Wireless,400,0.116,0.116,1.000,0.900,Alienware AW2518H,240,RTX 2080 Ti,1920x1080,SteelSeries QcK+,Logitech G Pro Mechanical Keyboard,Beyerdynamic DT 990 Pro,Sean Fortnite Settings
64,  Renegades,Hershicals,FinalMouse Air58 Ninja CBR Edition,400,0.120,0.120,0.450,0.450,BenQ XL2546,240,GTX 1080 Ti,1920x1080,,Corsair K65 RGB,HyperX Cloud Alpha,
85,  Chiefs Esports,Parpy,Logitech G Pro Wireless,400,0.140,0.140,0.330,0.350,BenQ XL2411P,144,GTX 1060,1920x1080,Zowie G-SR-SE,Logitech G Pro Mechanical Keyboard,Logitech G Pro Gaming Headset,Parpy Fortnite Settings
85,  Chiefs Esports,slaya,Logitech G305,800,0.070,0.070,0.300,0.500,BenQ XL2546,240,GTX 1080,1920x1080,Zowie G-SR-SE Divina Pink Edition,Logitech G Pro Mechanical Keyboard,Logitech G Pro Gaming Headset,slaya Fortnite Settings
4,  Ghost Gaming,Shah,SCUF Infinity4PS PRO Black,,0.775,0.750,0.175,0.179,ASUS ROG Swift PG258Q,240,RTX 2080,1920x1080,,,ASTRO A40,Shah Fortnite Settings
66,  E11 Gaming,itemm,FinalMouse Air58 Ninja CBR Edition,800,0.070,0.067,0.630,0.630,ASUS VG248QE,144,RTX 2070,1920x1080,Perixx DX 1000 XXL,Corsair K63,HyperX Cloud II,itemm Fortnite Settings
40,  Cooler Esport,aqua,Logitech G Pro Wireless,400,0.100,0.100,0.460,0.352,Acer XF240H,144,RTX 2080,1920x1080,,Corsair K65 Rapidfire,Logitech G430,aqua Fortnite Settings
30,  compLexity Gaming,Hogman,Logitech G Pro Wireless,800,0.048,0.048,1.000,1.000,ASUS ROG Swift PG258Q,240,RTX 2080,1920x1080,Glorious 3XL,HyperX Alloy FPS,HyperX Cloud Flight,
98,  Streamer,Comikazie,Logitech G403,800,0.127,0.098,1.000,1.000,ASUS ROG Swift PG258Q,240,GTX 1080 Ti,1920x1080,Glorious 3XL,Corsair K70 Rapidfire,Turtle Beach PX22,
98,  Streamer,Volx,Logitech G Pro Wireless,400,0.100,0.100,0.282,0.638,BenQ XL2411,144,RTX 2070,1920x1080,Glorious 3XL White,Corsair K70 Rapidfire,HyperX Cloud Alpha,Volx Fortnite Settings
85,  WBG,Pika,FinalMouse Air58 Ninja CBR Edition,400,0.100,0.100,0.650,0.650,BenQ XL2411P,144,GTX 1080 Ti,1920x1080,Glorious XXL,Anne PRO 2,Sennheiser G4ME ONE,
98,  Streamer,Derox,FinalMouse Air58 Ninja CBB Edition,800,0.073,0.073,0.970,0.970,AOC G2460PF,144,GTX 1060,1600x900,HyperX FURY S Pro,HyperX Alloy Elite,Corsair VOID Pro,Derox Fortnite Settings
22,  Team Atlantis,dizko,Zowie S2 Divina Edition,"1,050",0.200,0.200,1.000,1.000,AOC G2460PF,144,RTX 2080,1920x1080,Atlantis Mouse Pad Small,Razer Huntsman Elite,Razer Thresher TE,
95,  Team Kungarna,EpikWhale,Logitech G Pro Wireless,800,0.060,0.060,0.750,0.750,BenQ XL2411,144,GTX 1080,1920x1080,Glorious XXL,Anne PRO 2,Logitech G Pro Gaming Headset,EpikWhale Fortnite Settings
16,  Virtus.pro,HURMA,FinalMouse Air58 Ninja CBB Edition,800,0.080,0.080,0.500,0.500,BenQ XL2540,240,GTX 1080 Ti,1920x1080,SteelSeries QcK+,Varmilo VA87M Panda White,HyperX Cloud Revolver S,
89,  OP Gaming,FaxFox,Logitech G703,800,0.070,0.070,0.350,0.350,BenQ XL2546,240,RTX 2080,1920x1080,Glorious 3XL,Corsair K65 Rapidfire,HyperX Cloud Revolver S,FaxFox Fortnite Settings
8,  Cloud9,snow,Logitech G Pro Wireless,400,0.140,0.140,0.700,0.700,Acer GN246HL,144,GTX 1060,1920x1080,HyperX FURY S Pro,HyperX Alloy FPS Pro,HyperX Cloud II,snow Fortnite Settings
98,  Streamer,DiegoGB,Logitech G Pro Wireless,800,0.120,0.120,0.500,0.500,BenQ XL2411P,144,RTX 2070,1920x1080,Glorious XXL,Logitech G Pro Mechanical Keyboard,Logitech G533 Wireless,DiegoGB Fortnite Settings
84,  Sentinels,Animal,FinalMouse Air58 Ninja CBR Edition,400,0.120,0.120,0.755,0.755,Alienware AW2518H,240,RTX 2070,1920x1080,SteelSeries QCK XXL,Ducky One TKL,HyperX Cloud Flight,Animal Fortnite Settings
84,  Sentinels,Carose,Logitech G403,400,0.120,0.120,0.450,0.450,ASUS ROG Swift PG258Q,240,RTX 2080 Ti,1920x1080,SteelSeries QcK+,Logitech G Pro Mechanical Keyboard,Beyerdynamic DT 990 Pro,Carose Fortnite Settings
98,  Streamer,Luneze,Glorious Model O Matte Black,800,0.125,0.125,0.750,0.750,Dell S2716DG,144,GTX 1080,2560x1440,Glorious 3XL,Ducky MIYA Pro Sakura,Sennheiser HD 598,Luneze Fortnite Settings
77,  Solary,Airwaks,Logitech G Pro Wireless,400,0.183,0.190,0.762,0.842,Acer Predator XB241H,180,RTX 2080 Ti,1920x1080,Logitech G640,Logitech G Pro Mechanical Keyboard,Logitech G933,Airwaks Fortnite Settings
90,  Helsinki REDS,BELAEU,SteelSeries Rival 310,800,0.080,0.080,0.350,0.500,ASUS VG248QE,144,GTX 1080 Ti,1920x1080,HyperX FURY S Pro,Logitech G Pro Mechanical Keyboard,Sennheiser G4ME ONE,BELAEU Fortnite Settings
98,  Streamer,Endretta,Glorious Model O Glossy Black,400,0.090,0.090,0.440,0.440,Acer Predator XB271HU,165,GTX 1080 Ti,1920x1080,SteelSeries QCK XXL,Corsair K70 Rapidfire,HyperX Cloud Alpha,Endretta Fortnite Settings
98,  Streamer,lolb0om,Logitech G Pro Wireless,400,0.090,0.090,0.500,0.450,Acer Predator XB272,240,GTX 1080 Ti,1920x1080,Glorious 3XL,Corsair K65 Rapidfire,Razer Kraken 7.1 V2,lolb0om Fortnite Settings
64,  Renegades,mrfreshasian,FinalMouse Air58 Ninja CBR Edition,800,0.060,0.060,0.750,0.750,Acer Predator XB241H,144,GTX 1080 Ti,1920x1080,HyperX FURY S Pro,HyperX Alloy Elite,HyperX Cloud Alpha,mrfreshasian Fortnite Settings
4,  Ghost Gaming,Assault,SCUF Impact White,,0.730,0.730,0.350,0.400,Alienware AW2518H,240,RTX 2080 Ti,1920x1080,,,ASTRO A40,Assault Fortnite Settings
37,  LeStream,Blax,Logitech G Pro Wireless,700,0.092,0.092,0.311,0.402,,,GTX 1080 Ti,1920x1080,SteelSeries QcK+,Ducky One 2 TKL RGB,HyperX Cloud II,Blax Fortnite Settings
88,  Envy,Bucke,Logitech G Pro Gaming Mouse,400,0.120,0.120,0.400,0.400,ASUS ROG Swift PG258Q,240,RTX 2080,1920x1080,HyperX FURY S Pro,Anne PRO 2,HyperX Cloud II,Bucke Fortnite Settings
98,  Streamer,clarityG,Logitech G Pro Wireless,400,0.120,0.120,0.400,0.400,ASUS VG248QE,144,RTX 2080 Ti,1920x1080,,Logitech G Pro Mechanical Keyboard,,
24,  Gambit Esports,fwexY,Logitech G Pro Wireless,800,0.130,0.130,0.450,0.450,BenQ XL2546,240,GTX 1080 Ti,1920x1080,Zowie G-SR-SE Divina Pink Edition,Varmilo VA87M Panda White,Logitech G935,fwexY Fortnite Settings
1,  FaZe Clan,Tilt,Xbox One Wireless White,,0.600,0.600,0.603,0.601,Acer Predator XB252Q,240,RTX 2080 Ti,1920x1080,,,SteelSeries Arctis Pro,Tilt Fortnite Settings
98,  Streamer,4DRStorm,HyperX Pulsefire FPS,"1,600",0.066,0.066,0.342,0.294,BenQ XL2411P,144,RTX 2080 Ti,1920x1080,HyperX FURY S Pro,Corsair K70 LUX,Beyerdynamic DT 990 Pro,4DRStorm Fortnite Settings
98,  Streamer,Rojo,Logitech G Pro Wireless,400,0.119,0.119,0.552,0.552,ASUS ROG Swift PG258Q,240,GTX Titan X Pascal,1920x1080,Logitech G640,Ducky One 2 Mini RGB,Sennheiser HD 660 S,Rojo Fortnite Settings
66,  E11 Gaming,Klusia,Logitech G502 HERO,"1,000",0.050,0.046,1.000,1.000,BenQ XL2411P,144,RTX 2080,1920x1080,Glorious 3XL,Razer BlackWidow Chroma TE V2,Logitech G430,Klusia Fortnite Settings
96,  Singularity,ThomasHD,Logitech G Pro Wireless,"1,600",0.050,0.030,0.370,0.370,BenQ XL2411P,144,GTX 1070,1920x1080,Logitech G840,Ducky One 2 Mini RGB,HyperX Cloud II,ThomasHD Fortnite Settings
98,  Streamer,Nio,DualShock 4 Black Edition,,0.700,0.700,0.355,0.600,Alienware AW2518H,240,,1920x1080,,,ASTRO A40,Nio Fortnite Settings
98,  Streamer,Tetchra,Logitech G Pro Wireless,400,0.120,0.120,0.600,0.600,Alienware AW2518H,240,GTX 1080,1920x1080,Zowie G-SR-SE Divina Blue Edition,Logitech G Pro Mechanical Keyboard,Logitech G230,Tetchra Fortnite Settings
4,  Ghost Gaming,Ex, Xbox One Wireless Red & DualShock 4 Crystal Edition,,0.725,0.725,0.280,0.310,Acer Predator XB252Q,240,RTX 2080 Ti,1920x1080,,,ASTRO A40,Ex Fortnite Settings
98,  Streamer,themythic,FinalMouse Air58 Ninja CBR Edition,800,0.080,0.080,0.400,0.500,ASUS ROG Swift PG258Q,240,,1920x1080,,Ducky One 2 Mini RGB,Beyerdynamic DT 990 Pro,
99,  Youtuber,RazorX,DualShock 4 Blue Camouflage Edition,,0.905,0.809,0.402,0.400,ASUS VG248QE,144,,,,,HyperX Cloud II,RazorX Fortnite Settings
98,  Streamer,Falconer,Logitech G Pro Wireless,400,0.080,0.080,0.700,0.600,Asus VG278Q,144,GTX 1080 Ti,1920x1080,SteelSeries QCK XXL,Ducky One 2 Mini RGB,Logitech G430,Falconer Fortnite Settings
95,  Team Kungarna,Jay,Logitech G Pro Wireless,800,0.055,0.055,1.000,1.000,BenQ XL2411P,144,RTX 2080,1920x1080,Glorious 3XL,Ducky One 2 Mini RGB,Sennheiser G4ME ONE,Jay Fortnite Settings
99,  Youtuber,jacobbb,DualShock 4 Gold Edition,,0.850,0.850,0.371,0.371,Alienware AW2518H,240,GTX 1080 Ti,1920x1080,,,SteelSeries Arctis Pro,jacobbb Fortnite Settings
5,  Team Secret,Domentos,Logitech G Pro Wireless,"1,000",0.074,0.074,0.583,0.687,ASUS ROG Swift XG258Q,240,GTX 1080 Ti,1920x1080,DreamMachines DM Pad,Corsair K65 Rapidfire,Corsair VOID Pro,Domentos Fortnite Settings
87,  LootBoy Esport,Mexe,Logitech G Pro Wireless,800,0.130,0.130,0.400,0.500,ASUS VG248QE,144,RTX 2080 Ti,1920x1080,Glorious XXL,Anne PRO 2 White,Logitech G Pro X,Mexe Fortnite Settings
8,  Cloud9,DrakoNz,Zowie EC2-B,500,0.125,0.125,0.370,0.370,BenQ XL2536,144,GTX 1080,1920x1080,Gigabyte Aorus AMP500,Corsair K70 LUX,HyperX Cloud II,
8,  Cloud9,Nicks,Logitech G Pro Wireless,400,0.111,0.111,0.351,0.452,Alienware AW2518H,240,GTX 1070,1920x1080,Glorious 3XL,Corsair K65 Rapidfire,HyperX Cloud Revolver,