Myth,700,0.070,0.070,1000,0.345,0.250,Q,Mouse 5,V,E,Mouse 4,C,F,R,L-Ctrl,On,I,M,0.78,0.80,Protanope 0,Default,,,,,,,,,,,,,,,,,,,,,,,,,,,,,,,,,,,,,,,,,,,,,,,
CaMiLLs,1800,0.110,0.110,1000,0.500,0.650,Mouse 4,Q,Mouse 5,F4,5,,G,,,,Tab,,,,,,Not Bound,,,,,,,,,,,,,,,,,,,,,,,,,,,,,,,,,,,,,,,,,,,,,,
Hamlinz,400,0.101,0.102,1000,0.650,0.700,F,Mouse 5,Mouse 4,Q,5,E,G,R,C,On,Tab,M,1.00,0.70,Off,Default,,,,,,,,,,,,,,,,,,,,,,,,,,,,,,,,,,,,,,,,,,,,,,,
Daequan,600,0.070,0.050,1000,0.750,0.750,Q,Mouse 8,F,Mouse 9,T,E,G,R,Mouse 5,On,Tab,M,1.00,0.50,Off,Default,,,,,,,,,,,,,,,,,,,,,,,,,,,,,,,,,,,,,,,,,,,,,,,
dakotaz,2400,0.067,0.067,1000,1.000,1.000,Q,F,V,Mouse 4,T,E,G,R,L-Ctrl,On,I,M,0.85,0.50,Off,Default,,,,,,,,,,,,,,,,,,,,,,,,,,,,,,,,,,,,,,,,,,,,,,,
HighDistortion,1600,0.065,0.065,1000,0.857,0.641,Q,E,Mouse 5,4,\,F,L-Alt,,,,I,,,,,,,,,,,,,,,,,,,,,,,,,,,,,,,,,,,,,,,,,,,,,,,,,,,,
OPscT,400,0.070,0.070,1000,1.000,1.000,Q,C,V,X,T,,F,,,,I,,,,,,Not Bound,,,,,,,,,,,,,,,,,,,,,,,,,,,,,,,,,,,,,,,,,,,,,,
summit1g,400,0.080,0.080,500,0.530,0.530,Q,C,Mouse 5,F4,F5,,G,,,,Tab,,,,,,Not Bound,,,,,,,,,,,,,,,,,,,,,,,,,,,,,,,,,,,,,,,,,,,,,,
Ninja,800,0.100,0.070,500,0.300,0.300,Mouse 4,Q,Mouse 5,L-Shift,5,E,F,R,C,On,Tab,M,1.00,0.69,Off,Default,,,,,,,,,,,,,,,,,,,,,,,,,,,,,,,,,,,,,,,,,,,,,,,
SpaceLyon,800,0.150,0.150,500,0.750,0.750,Q,F,C,F4,T,E,G,,,,I,,,,,,,,,,,,,,,,,,,,,,,,,,,,,,,,,,,,,,,,,,,,,,,,,,,,
Cloak,400,0.110,0.110,500,1.000,1.000,Mouse 4,F,Mouse 5,V,T,E,G,R,L-Shift,On,I,M,0.90,0.30,Off,Default,,,,,,,,,,,,,,,,,,,,,,,,,,,,,,,,,,,,,,,,,,,,,,,
Jaomock,800,0.110,0.070,1000,0.800,0.600,Q,E,R,Mouse 4,T,F,G,Mouse 5,L-Ctrl,On,I,M,0.80,0.50,Off,Default,,,,,,,,,,,,,,,,,,,,,,,,,,,,,,,,,,,,,,,,,,,,,,,
XSOO,800,0.090,0.090,1000,0.780,0.800,X,Q,C,F4,F3,,Mouse 4,,,,I,,,,,,Not Bound,,,,,,,,,,,,,,,,,,,,,,,,,,,,,,,,,,,,,,,,,,,,,,
NokSs,1800,0.050,0.050,1000,0.360,0.360,V,A,F,W,T,E,G,,,,I,,,,,,,,,,,,,,,,,,,,,,,,,,,,,,,,,,,,,,,,,,,,,,,,,,,,
Robi,800,0.080,0.080,1000,1.000,1.000,Mouse 5,C,Mouse 4,F4,F1,,G,,,,I,,,,,,Not Bound,,,,,,,,,,,,,,,,,,,,,,,,,,,,,,,,,,,,,,,,,,,,,,
Neiru,400,0.090,0.090,1000,1.000,1.000,F1,F2,F3,F4,F5,,G,,,,I,,,,,,A,,,,,,,,,,,,,,,,,,,,,,,,,,,,,,,,,,,,,,,,,,,,,,
shroud,450,0.129,0.129,1000,0.653,0.563,Q,X,E,Mouse 4,T,F,G,R,L-Ctrl,On,I,Mouse 5,1.00,0.50,Off,Default,,,,,,,,,,,,,,,,,,,,,,,,,,,,,,,,,,,,,,,,,,,,,,,
CDNThe3rd,400,0.090,0.090,500,0.650,0.520,Mouse 5,5,Mouse 4,Z,L-Ctrl,,G,,,,Tab,,,,,,Not Bound,,,,,,,,,,,,,,,,,,,,,,,,,,,,,,,,,,,,,,,,,,,,,,
Teeqzy,600,0.140,0.140,1000,0.500,0.500,A / Q,G,F,C,T,E,X,,,,Tab,,,,,,,,,,,,,,,,,,,,,,,,,,,,,,,,,,,,,,,,,,,,,,,,,,,,
KingRichard,400,0.160,0.110,500,0.550,0.550,Q,Mouse 5,F,Mouse 4,F5,MW Down,E,,,,Cursor Mode,,,,,,,,,,,,,,,,,,,,,,,,,,,,,,,,,,,,,,,,,,,,,,,,,,,,
Tfue,400,0.100,0.100,500,0.700,0.550,C,E,Q,Mouse 5,Mouse 4,MW Down,V,R,L-Shift,On,Tab,M,0.80,0.25,Deuteranope 5,Default,,,,,,,,,,,,,,,,,,,,,,,,,,,,,,,,,,,,,,,,,,,,,,,
DrLupo,800,0.070,0.070,500,0.500,0.500,Q,L-Shift,F,V,T,E,G,,,,I,,,,,,,,,,,,,,,,,,,,,,,,,,,,,,,,,,,,,,,,,,,,,,,,,,,,
SypherPK,400,0.100,0.070,1000,0.755,0.648,Q,Mouse 4,Mouse 5,L-Shift,T,V,F,Mousewheel,L-Ctrl,On,3,M,1.00,0.50,Off,Default,,,,,,,,,,,,,,,,,,,,,,,,,,,,,,,,,,,,,,,,,,,,,,,
Cizzorz,400,0.080,0.080,1000,1.000,1.000,Mouse 4,F2,Mouse 5,Q,F5,E,G,,,,I,,,,,,,,,,,,,,,,,,,,,,,,,,,,,,,,,,,,,,,,,,,,,,,,,,,,
Svennoss,800,0.100,0.100,1000,1.000,1.000,F1,F2,F3,F4,Q,E,F,,,,Tab,,,,,,,,,,,,,,,,,,,,,,,,,,,,,,,,,,,,,,,,,,,,,,,,,,,,
RealKraftyy,400,0.120,0.080,1000,0.850,1.000,Mouse 5,Q,Mouse 4,F4,F5,,G,,,,L-Ctrl,,,,,,Not Bound,,,,,,,,,,,,,,,,,,,,,,,,,,,,,,,,,,,,,,,,,,,,,,
Hysteria,800,0.070,0.070,1000,1.000,1.000,Q,F,Mouse 4,C,Mouse 5,,G,,,,Tab,,,,,,Not Bound,,,,,,,,,,,,,,,,,,,,,,,,,,,,,,,,,,,,,,,,,,,,,,
Kenith,800,0.061,0.061,1000,0.400,0.400,Mouse 5,F,V,Q,T,E,C,,,,I,,,,,,,,,,,,,,,,,,,,,,,,,,,,,,,,,,,,,,,,,,,,,,,,,,,,
Crunch,400,0.100,0.070,500,0.550,0.500,Q,T,F,G,5,,L-Alt,,,,Tab,,,,,,Not Bound,,,,,,,,,,,,,,,,,,,,,,,,,,,,,,,,,,,,,,,,,,,,,,
jasonR,400,0.079,0.059,1000,0.905,0.950,V,X,C,Q,T,,G,,,,Tab,,,,,,Not Bound,,,,,,,,,,,,,,,,,,,,,,,,,,,,,,,,,,,,,,,,,,,,,,
Thiefs,800,0.090,0.090,500,1.000,1.000,Q,Mouse 5,Mouse 4,V,F,MW Up,E,R,C,On,L-Alt,Tab,0.70,0.50,Off,Default,,,,,,,,,,,,,,,,,,,,,,,,,,,,,,,,,,,,,,,,,,,,,,,
Payne,400,0.140,0.140,1000,1.000,1.000,Q,T,Mouse 4,Mouse 5,C,,F,,,,I,,,,,,Not Bound,,,,,,,,,,,,,,,,,,,,,,,,,,,,,,,,,,,,,,,,,,,,,,
72hrs,400,0.120,0.120,500,0.300,0.300,Mouse 4,Mouse 5,C,L-Shift,T,MW Down,V,R,L-Ctrl / C,On,I,M,0.80,1.00,Protanope 10,Default,,,,,,,,,,,,,,,,,,,,,,,,,,,,,,,,,,,,,,,,,,,,,,,
MONSTERDFACE,800,0.070,0.070,1000,1.000,0.800,Mouse 4,Q,Mouse 5,X,L-Ctrl,MW Up,G,,,,Tab,,,,,,,,,,,,,,,,,,,,,,,,,,,,,,,,,,,,,,,,,,,,,,,,,,,,
TimTheTatman,800,0.066,0.065,1000,0.700,0.700,Q,Z,Mouse 4,C,F5,E,G,R,L-Ctrl,On,Tab,M,1.00,0.50,Off,Default,,,,,,,,,,,,,,,,,,,,,,,,,,,,,,,,,,,,,,,,,,,,,,,
Ettnix,450,0.120,0.090,1000,1.000,1.000,Mouse 5,Q,Mouse 4,L-Alt,T,,G,,,,I,,,,,,Not Bound,,,,,,,,,,,,,,,,,,,,,,,,,,,,,,,,,,,,,,,,,,,,,,
MitchJones,800,0.050,0.050,1000,1.000,1.000,Mouse 5,F2,F3,Q,Z,,G,,,,I,,,,,,Not Bound,,,,,,,,,,,,,,,,,,,,,,,,,,,,,,,,,,,,,,,,,,,,,,
DrDisRespect,400,0.070,0.070,1000,0.600,0.400,Mouse 5,Q,Mouse 4,F4,T,,G,,,,I,,,,,,Not Bound,,,,,,,,,,,,,,,,,,,,,,,,,,,,,,,,,,,,,,,,,,,,,,
Risker,500,0.090,0.090,1000,1.000,0.750,Q,F,C,Z,T,,E,,,,I,,,,,,Mouse 4,,,,,,,,,,,,,,,,,,,,,,,,,,,,,,,,,,,,,,,,,,,,,,
Zayt,800,0.059,0.059,1000,0.650,0.650,Q,Mouse 5,E,L-Shift,T,C,F,R,L-Ctrl,On,Tab,M,1.00,0.50,Deuteranope 5,Default,,,,,,,,,,,,,,,,,,,,,,,,,,,,,,,,,,,,,,,,,,,,,,,
Parallax,400,0.110,0.110,1000,1.000,1.000,Mouse 4,F,Mouse 5,Q,Z,,G,,,,Tab,,,,,,Not Bound,,,,,,,,,,,,,,,,,,,,,,,,,,,,,,,,,,,,,,,,,,,,,,
KP5ive,800,0.150,0.150,1000,0.650,0.650,T,Q,F,V,Mouse 4,,L-Ctrl,,,,Tab,,,,,,Not Bound,,,,,,,,,,,,,,,,,,,,,,,,,,,,,,,,,,,,,,,,,,,,,,
Winter,800,0.270,0.270,1000,0.650,0.650,Q,C,Mouse 5,Mousewheel,T,,F,,,,I,,,,,,Not Bound,,,,,,,,,,,,,,,,,,,,,,,,,,,,,,,,,,,,,,,,,,,,,,
Choppadown,1100,0.050,0.050,1000,0.610,0.640,Mouse 5,Q,Mouse 4,Z,F5,,G,,,,I,,,,,,Not Bound,,,,,,,,,,,,,,,,,,,,,,,,,,,,,,,,,,,,,,,,,,,,,,
Symfuhny,400,0.100,0.100,1000,0.550,0.550,V,Q,Mouse 5,Mouse 4,T,E,F,R,C,Off = L-Shift,Tab,M,0.80,0.56,Tritanope 10,Default,,,,,,,,,,,,,,,,,,,,,,,,,,,,,,,,,,,,,,,,,,,,,,,
Gotaga,400,0.160,0.160,1000,0.300,0.400,A,Mouse 4,Mouse 5,W,2,F,E,,,,I,,,,,,,,,,,,,,,,,,,,,,,,,,,,,,,,,,,,,,,,,,,,,,,,,,,,
Nick Eh 30,2000,0.100,0.050,1000,0.300,0.500,Mouse 4,Z,C,V,T,MW Up/Down,F,R,Mouse 5,Off = L-Shift,Tab,M,0.90,0.50,Off,Default,,,,,,,,,,,,,,,,,,,,,,,,,,,,,,,,,,,,,,,,,,,,,,,
Noizeeh,400,0.180,0.180,1000,1.000,1.000,Q,T,F,V,Mouse 4,MW Up,G,,,,I,,,,,,,,,,,,,,,,,,,,,,,,,,,,,,,,,,,,,,,,,,,,,,,,,,,,
Rass,800,0.120,0.120,1000,1.000,1.000,Q,Mouse 4,Mouse 5,V,X,MW Down,G,,,,Tab,,,,,,,,,,,,,,,,,,,,,,,,,,,,,,,,,,,,,,,,,,,,,,,,,,,,
Fixter,800,0.070,0.070,500,1.000,1.000,Mouse 5,Q,Mouse 4,X,T,,G,,,,I,,,,,,Not Bound,,,,,,,,,,,,,,,,,,,,,,,,,,,,,,,,,,,,,,,,,,,,,,
jetpacks,800,0.150,0.130,1000,1.000,1.000,Q,B,F,X,T,E,G,,,,Z,,,,,,,,,,,,,,,,,,,,,,,,,,,,,,,,,,,,,,,,,,,,,,,,,,,,
MartinCreek,800,0.070,0.070,1000,0.600,0.600,Q,T,F,V,Z,,G,,,,L-Alt,,,,,,Not Bound,,,,,,,,,,,,,,,,,,,,,,,,,,,,,,,,,,,,,,,,,,,,,,
Mongraal,400,0.118,0.108,1000,0.171,0.271,Mouse 5,DPI Button (N),Mouse 4,T,5,E,F,R,L-Ctrl,Off = L-Shift,I,M,0.59,0.58,Deuteranope 7,Default,,,,,,,,,,,,,,,,,,,,,,,,,,,,,,,,,,,,,,,,,,,,,,,
Sak0ner,800,0.070,0.050,1000,1.000,1.000,Q,V,F,Mouse 4,F5,E,G,,,,I,,,,,,,,,,,,,,,,,,,,,,,,,,,,,,,,,,,,,,,,,,,,,,,,,,,,
yoyokeepitup,1600,0.090,0.090,1000,1.000,1.000,Q,Z,F,4,T,E,G,,,,I,,,,,,,,,,,,,,,,,,,,,,,,,,,,,,,,,,,,,,,,,,,,,,,,,,,,
Tennp0,800,0.080,0.080,1000,0.850,1.000,Q,E,V,Mouse 4,F5,B,F,,,,I,,,,,,,,,,,,,,,,,,,,,,,,,,,,,,,,,,,,,,,,,,,,,,,,,,,,
Poach,800,0.080,0.080,1000,0.500,0.500,Mouse 5,Q,Mouse 4,V,T,E,F,R,L-Ctrl,On,Tab,M,1.00,0.50,Off,Default,,,,,,,,,,,,,,,,,,,,,,,,,,,,,,,,,,,,,,,,,,,,,,,
CouRage,800,0.090,0.090,1000,0.370,0.370,Mouse 4,F,Mouse 5,G,Mousewheel,E,Q,,,,I,,,,,,,,,,,,,,,,,,,,,,,,,,,,,,,,,,,,,,,,,,,,,,,,,,,,
Calvin,400,0.160,0.160,1000,1.000,1.000,Q,C,V,Z,Mouse 4,,G,,,,I,,,,,,Not Bound,,,,,,,,,,,,,,,,,,,,,,,,,,,,,,,,,,,,,,,,,,,,,,
LOLiTO FDEZ,400,0.110,0.110,1000,0.650,0.650,Q,C,E,T,N,F,G,,,,I,,,,,,,,,,,,,,,,,,,,,,,,,,,,,,,,,,,,,,,,,,,,,,,,,,,,
Gingerpop,800,0.090,0.090,500,1.000,0.820,Q,F,C,Z,F5,,G,,,,Tab,,,,,,Not bound,,,,,,,,,,,,,,,,,,,,,,,,,,,,,,,,,,,,,,,,,,,,,,
Kinstaar,400,0.115,0.085,1000,0.900,0.745,Q,V,E,R,C,MW Down,F,R,Mouse 4,On,I,M,1.00,0.50,Off,Default,,,,,,,,,,,,,,,,,,,,,,,,,,,,,,,,,,,,,,,,,,,,,,,
Shivsy,400,0.100,0.070,1000,0.420,0.460,F,T,V,Mouse 4,Mousewheel,,Q,,,,Tab,,,,,,Not Bound,,,,,,,,,,,,,,,,,,,,,,,,,,,,,,,,,,,,,,,,,,,,,,
Boss,400,0.070,0.050,1000,1.000,0.530,Mouse 4,C,Mouse 5,Q,F5,,G,,,,I,,,,,,Not bound,,,,,,,,,,,,,,,,,,,,,,,,,,,,,,,,,,,,,,,,,,,,,,
Criz,400,0.085,0.085,1000,0.856,0.856,Q,V,F,Z,Mousewheel,E,T,,,,Tab,,,,,,,,,,,,,,,,,,,,,,,,,,,,,,,,,,,,,,,,,,,,,,,,,,,,
Bandit,400,0.090,0.090,1000,0.700,0.700,Q,X,F,Mouse 4,Mousewheel,,Tab,,,,L-Alt,,,,,,Not Bound,,,,,,,,,,,,,,,,,,,,,,,,,,,,,,,,,,,,,,,,,,,,,,
Chap,800,0.120,0.120,1000,0.200,0.500,Q,F,Mouse 4,Mouse 5,T,E,L-Shift,R,L-Ctrl,On,I,H,1.00,1.00,Protanope 10,Default,,,,,,,,,,,,,,,,,,,,,,,,,,,,,,,,,,,,,,,,,,,,,,,
Strafesh0t,800,0.080,0.080,125,0.450,0.300,Q,N,Mouse 4,Mouse 5,F5,E/p>,G,,,,I,,,,,,,,,,,,,,,,,,,,,,,,,,,,,,,,,,,,,,,,,,,,,,,,,,,,
SirDimetrious,400,0.120,0.120,1000,0.600,0.600,Mouse 4,Q,E,N,5,MW Up,F,,,,I,,,,,,,,,,,,,,,,,,,,,,,,,,,,,,,,,,,,,,,,,,,,,,,,,,,,
Tinny,800,0.080,0.060,1000,0.700,1.000,Mouse 5,Q,E,Mouse 4,T,V,V,,,,Tab,,,,,,,,,,,,,,,,,,,,,,,,,,,,,,,,,,,,,,,,,,,,,,,,,,,,
Yelo,400,0.177,0.127,500,1.000,1.000,Q,C,Mouse 4,L-Alt,T,E,F,R,L-Ctrl,On,I,M,1.00,0.50,Off,Default,,,,,,,,,,,,,,,,,,,,,,,,,,,,,,,,,,,,,,,,,,,,,,,
Avxry,800,0.054,0.054,500,0.750,0.900,Q,F,E,Tab,Mouse 4,MW Up,Mouse 5,,,,I,,,,,,,,,,,,,,,,,,,,,,,,,,,,,,,,,,,,,,,,,,,,,,,,,,,,
ErycTriceps,400,0.130,0.130,1000,0.800,0.800,Q,T,F,C,Z,E,G,R,X,On,L-Alt,Tab,0.70,0.70,Deuteranope 5,Default,,,,,,,,,,,,,,,,,,,,,,,,,,,,,,,,,,,,,,,,,,,,,,,
Vikkstar123,1000,0.100,0.100,1000,1.000,1.000,Mouse 4,C,Mouse 5,V,F5,E,Mousewheel,,,,Tab,,,,,,,,,,,,,,,,,,,,,,,,,,,,,,,,,,,,,,,,,,,,,,,,,,,,
Wintrrz,800,0.053,0.027,1000,0.495,0.505,F,G,H,T,Mouse 4,E,L-Alt,,,,Tab,,,,,,,,,,,,,,,,,,,,,,,,,,,,,,,,,,,,,,,,,,,,,,,,,,,,
Lasius,400,0.080,0.080,1000,1.000,1.000,T,Q,Mouse 4,F,Mousewheel Up,,L-Alt,,,,I,,,,,,Not Bound,,,,,,,,,,,,,,,,,,,,,,,,,,,,,,,,,,,,,,,,,,,,,,
WizKay,800,0.070,0.070,1000,0.450,0.450,Mouse 5,F,MW Up,L-Alt,T,MW Down,G,,,,Tab,,,,,,,,,,,,,,,,,,,,,,,,,,,,,,,,,,,,,,,,,,,,,,,,,,,,
Reaver,400,0.100,0.070,1000,0.770,0.740,Q,Mouse 5,E,B,F5,,G,,,,Tab,,,,,,Not Bound,,,,,,,,,,,,,,,,,,,,,,,,,,,,,,,,,,,,,,,,,,,,,,
POW3R,400,0.100,0.090,1000,0.700,0.650,Q,T,E,Mouse 5,Mouse 4,F,L-Shift,,L-Ctrl,On,I,M,,,,,,Space Bar,,,,,,,,,,,,,,,,,,,,,,,,,,,,,,,,,,,,,,,,,,,,,
gommru,400,0.120,0.120,1000,1.000,1.000,Mouse 5,Q,Mouse 4,Z,C,,L-Shift,,,,L-Alt,,,,,,,,X,,,,,,,,,,,,,,,,,,,,,,,,,,,,,,,,,,,,,,,,,,,,
00flour,1600,0.110,0.110,1000,0.340,0.470,Mouse 5,Mousewheel,Mouse 4,Z,F5,,G,,,,I,,,,,,F10,,,,,,,,,,,,,,,,,,,,,,,,,,,,,,,,,,,,,,,,,,,,,,
Trona,800,0.060,0.060,1000,0.450,0.500,Q,C,E,V,T,,G,,,,L-Alt,,,,,,Mouse 4,,,,,,,,,,,,,,,,,,,,,,,,,,,,,,,,,,,,,,,,,,,,,,
Hycel,800,0.111,0.098,1000,0.229,0.348,Q,Mouse 5,F,T,V,E,Mouse 4 / G,,,,I,,,,,,,,,,,,,,,,,,,,,,,,,,,,,,,,,,,,,,,,,,,,,,,,,,,,
Painful,450,0.260,0.140,1000,0.560,0.720,Q,Mouse 4,Mouse 5,F,V,,,,,,T,,,,,,Not Bound,,,G,,,,,,,,,,,,,,,,,,,,,,,,,,,,,,,,,,,,,,,,,,,
Replays,1200,0.100,0.070,1000,0.740,0.740,Q,F,C,V,5,E,G,,,,I,,,,,,,,,,,,,,,,,,,,,,,,,,,,,,,,,,,,,,,,,,,,,,,,,,,,
DarkzyNL,800,0.090,0.080,1000,0.350,0.500,Mouse 4,C,Mouse 5,V,L-Ctrl,,F,,,,T,,,,,,Not Bound,,,,,,,,,,,,,,,,,,,,,,,,,,,,,,,,,,,,,,,,,,,,,,
Marksman,800,0.060,0.060,1000,0.370,0.470,Mouse 5,F,Mouse 4,Q,Mousewheel,E,L-Shift,,,,I,,,,,,,,,,,,,,,,,,,,,,,,,,,,,,,,,,,,,,,,,,,,,,,,,,,,
Vivid,800,0.170,0.120,500,0.600,0.600,Q,Mouse 4,E,Mouse 5,T,F,G,R,C,Off = L-Shift,Tab,M,0.99,0.50,Off,Default,,,,,,,,,,,,,,,,,,,,,,,,,,,,,,,,,,,,,,,,,,,,,,,
Sceptic,800,0.059,0.059,500,0.260,0.260,Mouse 5,X,C,V,Q,F,E,R,L-Ctrl,On,I,M,0.75,0.75,Off,Default,,,,,,,,,,,,,,,,,,,,,,,,,,,,,,,,,,,,,,,,,,,,,,,
f1veskill,800,0.060,0.060,1000,0.500,0.500,Q,C,V,F,T,E,G,,,,I,,,,,,,,,,,,,,,,,,,,,,,,,,,,,,,,,,,,,,,,,,,,,,,,,,,,
Reverse2k,800,0.112,0.095,1000,0.223,0.294,F,Mouse 5,Mouse 4,Z,X,E,C,R,L-Ctrl,On,Q,Tab,0.95,0.50,Off,Default,,,,,,,,,,,,,,,,,,,,,,,,,,,,,,,,,,,,,,,,,,,,,,,
TheVic,1100,0.040,0.030,1000,1.000,1.000,C,E,A,V,T,F,G,,,,I,,,,,,,,,,,,,,,,,,,,,,,,,,,,,,,,,,,,,,,,,,,,,,,,,,,,
Kaysid,1600,0.040,0.040,1000,0.650,0.650,Q,Mouse 4,F3,F4,F,R,G,T,C,On,I,M,1.00,0.50,Off,Default,,,,,,,,,,,,,,,,,,,,,,,,,,,,,,,,,,,,,,,,,,,,,,,
OhMyPulse,400,0.140,0.140,500,0.800,0.600,Z,X,C,L-Shift,T,E,F,R,L-Ctrl,On,Tab,M,1.00,0.50,Off,Default,,,,,,,,,,,,,,,,,,,,,,,,,,,,,,,,,,,,,,,,,,,,,,,
Kreo,800,0.065,0.065,1000,0.530,0.530,F,V,C,Q,T,E,G,R,L-Shift,On,I,M,1.00,0.50,Off,Default,,,,,,,,,,,,,,,,,,,,,,,,,,,,,,,,,,,,,,,,,,,,,,,
Branchies,400,0.200,0.200,1000,1.000,0.500,Q,C,E,V,T,,G,,,,I,,,,,,Not Bound,,,,,,,,,,,,,,,,,,,,,,,,,,,,,,,,,,,,,,,,,,,,,,
Mitr0,800,0.085,0.062,1000,1.000,1.000,F1 / Mouse 5,F2,F3,F4 / Q,F5 / T,MW Down,F,R,C,Off = L-Shift,Tab,M,0.88,0.60,Deuteranope 7,Default,,,,,,,,,,,,,,,,,,,,,,,,,,,,,,,,,,,,,,,,,,,,,,,
BlooTea,800,0.080,0.080,500,0.300,0.300,Z,X,C,Mouse 4,T,E,L-Shift,R,L-Ctrl,On,I,M,1.00,0.50,Off,Default,,,,,,,,,,,,,,,,,,,,,,,,,,,,,,,,,,,,,,,,,,,,,,,
GreyFox,800,0.100,0.100,500,0.600,0.550,Mouse 5,F,Q,C,5,,V,,,,Tab,,,,,,Not Bound,,,,,,,,,,,,,,,,,,,,,,,,,,,,,,,,,,,,,,,,,,,,,,
K1nzell,400,0.110,0.110,1000,1.000,1.000,V,Mouse 5,Q,Mouse 4,Y,E,F,,,,Tab,,,,,,,,,,,,,,,,,,,,,,,,,,,,,,,,,,,,,,,,,,,,,,,,,,,,
7ssk7,800,0.120,0.120,1000,1.000,1.000,Q,T,R,Mouse 4,Z,E,F,G,L-Ctrl,On,I,M,1.00,0.50,Tritanope 6,Default,,,,,,,,,,,,,,,,,,,,,,,,,,,,,,,,,,,,,,,,,,,,,,,
Jamside,800,0.062,0.062,1000,0.500,0.500,Q,X,C,Mouse 4,T,E,F,R,L-Ctrl,On,Tab,M,0.83,0.50,Tritanope 6,Default,,,,,,,,,,,,,,,,,,,,,,,,,,,,,,,,,,,,,,,,,,,,,,,
Frizzable,800,0.090,0.090,1000,0.450,0.470,Back Side Button,Q,Front Side Button,Thumb Button,V,,F,,,,L-Alt,,,,,,Not Bound,,,,,,,,,,,,,,,,,,,,,,,,,,,,,,,,,,,,,,,,,,,,,,
Tommo,800,0.100,0.100,1000,0.500,0.500,Q,4,T,6,3,F,G,,,,I,,,,,,,,,,,,,,,,,,,,,,,,,,,,,,,,,,,,,,,,,,,,,,,,,,,,
Kayuun,800,0.050,0.050,1000,1.000,1.000,V,Q,B,L-Ctrl,X,E,F,,,,Tab,,,,,,,,,,,,,,,,,,,,,,,,,,,,,,,,,,,,,,,,,,,,,,,,,,,,
Tickeling,800,0.110,0.110,1000,0.310,0.310,Q,V,B,<,T,F,E,,,,Tab,,,,,,,,,,,,,,,,,,,,,,,,,,,,,,,,,,,,,,,,,,,,,,,,,,,,
Powder,800,0.070,0.050,1000,1.000,1.000,Q,C,F,Mouse 4,T,Mouse 5,L-Alt,,,,I,,,,,,,,,,,,,,,,,,,,,,,,,,,,,,,,,,,,,,,,,,,,,,,,,,,,
Nate Hill,800,0.085,0.085,500,1.000,1.000,Q,F,V,C,T,MW Up,E,R,L-Ctrl,Off = L-Shift,I,M,1.00,0.50,Tritanope 7,Default,,,,,,,,,,,,,,,,,,,,,,,,,,,,,,,,,,,,,,,,,,,,,,,
Nadeshot,1200,0.040,0.040,1000,1.000,1.000,Q,F,G,F4,F5,E,V,,,,I,,,,,,,,,,,,,,,,,,,,,,,,,,,,,,,,,,,,,,,,,,,,,,,,,,,,
WishYouLuckk,800,0.060,0.060,1000,1.000,1.000,Q,Mouse 4,F,X,Mouse 5,,Mousewheel,,,,I,,,,,,Not Bound,,,,,,,,,,,,,,,,,,,,,,,,,,,,,,,,,,,,,,,,,,,,,,
Xited,400,0.120,0.100,1000,0.650,0.600,E,B,Q,Mouse 5,C,,G,,,,Tab,,,,,,Not Bound,,,,,,,,,,,,,,,,,,,,,,,,,,,,,,,,,,,,,,,,,,,,,,
Chrispy,900,0.070,0.050,1000,0.600,0.600,C,"X, Mouse Button L",V,"E, Mouse Button Q",B,,G,,,,I,,,,,,MW Down,,,,,,,,,,,,,,,,,,,,,,,,,,,,,,,,,,,,,,,,,,,,,,
Goofy,800,0.050,0.040,1000,0.340,0.340,Right Click,X,Mouse 5,Q,T,,G,,,,L-Alt,,,,,,,,,,Mouse 4,,,,,,,,,,,,,,,,,,,,,,,,,,,,,,,,,,,,,,,,,,
Skite,600,0.200,0.140,1000,0.200,0.200,Mouse 5,A (Q for Qwerty),Mouse 4,V,F5,F,E,,,,B,,,,,,,,,,,,,,,,,,,,,,,,,,,,,,,,,,,,,,,,,,,,,,,,,,,,
stonde,400,0.050,0.050,1000,1.000,1.000,Q,B,N,F4,F5,,G,,,,I,,,,,,Mouse 4,,,,,,,,,,,,,,,,,,,,,,,,,,,,,,,,,,,,,,,,,,,,,,
three,400,0.150,0.150,1000,0.700,0.650,Q,F,V,Mouse 4,T,,L-Alt,,,,I,,,,,,Not Bound,,,,,,,,,,,,,,,,,,,,,,,,,,,,,,,,,,,,,,,,,,,,,,
RizaaR,1600,0.200,0.200,1000,0.370,0.370,Q,F,T,L-Shift,V,E,G,,,,Tab,,,,,,,,,,,,,,,,,,,,,,,,,,,,,,,,,,,,,,,,,,,,,,,,,,,,
Tylarzz,400,0.110,0.080,1000,0.700,0.550,X,C,V,F4,T,,G,,,,I,,,,,,Q,,,,,,,,,,,,,,,,,,,,,,,,,,,,,,,,,,,,,,,,,,,,,,
Morgausse,400,0.120,0.120,1000,0.400,0.400,Q,F,Mouse 4,V,T,E,G,,,,I,,,,,,,,,,,,,,,,,,,,,,,,,,,,,,,,,,,,,,,,,,,,,,,,,,,,
Jacko,1600,0.070,0.070,1000,0.350,0.400,Mouse 4,E,Mouse 5,V,G,,C,,,,Mouse Wheel,,,,,,Not Bound,,,,,,,,,,,,,,,,,,,,,,,,,,,,,,,,,,,,,,,,,,,,,,
Lothar,500,0.130,0.130,1000,1.000,1.000,Q,L-Shift,E,X â€“ F,T,Mouse 4,R,,,,Tab,,,,,,,,,,,,,,,,,,,,,,,,,,,,,,,,,,,,,,,,,,,,,,,,,,,,
Magin,400,0.120,0.120,500,1.000,1.000,Q,Mouse 4,Mouse 5,V,T,F,E,,,,I,,,,,,,,,,,,,,,,,,,,,,,,,,,,,,,,,,,,,,,,,,,,,,,,,,,,
Jiren,900,0.070,0.060,1000,0.440,0.600,Mouse 4,E,Mouse 5,Q,T,Mousewheel,F,,L-Shift,,,,,,,,,,,,,,,,,,,,,,,,,,,,,,,,,,,,,,,,,,,,,,,,,,,,,,
Seize,1800,0.090,0.090,1000,1.000,1.000,R,C,Q,Thumb Mouse Button,T,,E,,,,Tab,,,,,,Not Bound,,,,,,,,,,,,,,,,,,,,,,,,,,,,,,,,,,,,,,,,,,,,,,
Strugs,800,0.100,0.100,1000,0.500,0.500,Mouse 5,Mousewheel,Mouse 4,X,5,E,L-Alt,,,,Tab,,,,,,,,,,,,,,,,,,,,,,,,,,,,,,,,,,,,,,,,,,,,,,,,,,,,
slappie,400,0.120,0.110,1000,0.650,0.650,Q,X,F,Z,T,E,Mouse 5,R,C,On,I,Tab,0.95,0.50,Off,Default,,,,,,,,,,,,,,,,,,,,,,,,,,,,,,,,,,,,,,,,,,,,,,,
Punisher,800,0.130,0.130,1000,0.350,0.350,Mouse 5,Mouse 4,C,Z,5,E,G,,,,I,,,,,,,,,,,,,,,,,,,,,,,,,,,,,,,,,,,,,,,,,,,,,,,,,,,,
RazZzero0o,800,0.060,0.060,1000,0.600,0.600,Q,Mouse 5,L-Shift,Mouse 4,T,L-Alt,F,,,,I,,,,,,,,,,,,,,,,,,,,,,,,,,,,,,,,,,,,,,,,,,,,,,,,,,,,
Arikadou,800,0.100,0.050,1000,0.500,0.500,Z,X,C,F,T,,G,,,,Tab,,,,,,Not Bound,,,,,,,,,,,,,,,,,,,,,,,,,,,,,,,,,,,,,,,,,,,,,,
bohon,400,0.090,0.070,500,1.000,1.000,Q,F,V,C,T,E,L-Shift,,,,I,,,,,,,,,,,,,,,,,,,,,,,,,,,,,,,,,,,,,,,,,,,,,,,,,,,,
dummy,800,0.100,0.100,1000,0.500,0.500,Mouse 4,E,C,Q,F,V,L-Shift,,,,Tab,,,,,,,,,,,,,,,,,,,,,,,,,,,,,,,,,,,,,,,,,,,,,,,,,,,,
Martoz,400,0.120,0.120,1000,1.000,0.406,Mouse 4,C,E,MW Up,T,L-Alt,F,R,L-Ctrl,On,Caps Lock,Tab,1.02,0.54,Deuteranope 6,Default,,,,,,,,,,,,,,,,,,,,,,,,,,,,,,,,,,,,,,,,,,,,,,,
thwifo,800,0.129,0.099,1000,0.800,0.800,F1,F2,F3,F4,F5,E,G,R,L-Ctrl,On,Tab,M,1.05,0.65,Tritanope 4,Default,,,,,,,,,,,,,,,,,,,,,,,,,,,,,,,,,,,,,,,,,,,,,,,
Typical Gamer,800,0.100,0.100,1000,1.000,1.000,Q,Mouse 4,E,X,T,Mousewheel Up,F,,,,Tab,,,,,,,,,,,,,,,,,,,,,,,,,,,,,,,,,,,,,,,,,,,,,,,,,,,,
BlackoutZ,400,0.102,0.102,1000,0.600,0.600,Mouse 5,Mouse 4,Q,X,T,E,F,R,L-Shift,On,G,Tab,0.65,0.40,Deuteranope 5,Default,,,,,,,,,,,,,,,,,,,,,,,,,,,,,,,,,,,,,,,,,,,,,,,
Meoh,400,0.160,0.160,500,0.650,0.650,C,X,F,Q,T,E,G,,,,I,,,,,,,,,,,,,,,,,,,,,,,,,,,,,,,,,,,,,,,,,,,,,,,,,,,,
Nikolai,800,0.140,0.140,1000,0.600,0.600,Q,F,V,C,T,E,G,,,,L-Alt,,,,,,,,,,,,,,,,,,,,,,,,,,,,,,,,,,,,,,,,,,,,,,,,,,,,
Juganza,800,0.220,0.220,1000,0.500,0.500,C,Mouse 5,Mouse 4,V,T,F,E,,,,I,,,,,,,,,,,,,,,,,,,,,,,,,,,,,,,,,,,,,,,,,,,,,,,,,,,,
Korea10,800,0.050,0.050,1000,0.850,0.600,Q,Z,E,G,T,,L-Shift,,,,Tab,,,,,,Mouse 4,,,,,,,,,,,,,,,,,,,,,,,,,,,,,,,,,,,,,,,,,,,,,,
Pate1k,800,0.050,0.050,1000,0.200,0.200,Z,X,C,V,B,F,G,R,L-Ctrl,On,Tab,M,0.75,0.52,Protanope 10,Default,,,,,,,,,,,,,,,,,,,,,,,,,,,,,,,,,,,,,,,,,,,,,,,
Dmo,1600,0.040,0.040,500,1.000,1.000,Mouse 4,1,Mouse 5,Mousewheel,F4,E,G,,,,I,,,,,,,,,,,,,,,,,,,,,,,,,,,,,,,,,,,,,,,,,,,,,,,,,,,,
Vorwenn,400,0.140,0.140,1000,0.752,0.600,Q,C,E,V,T,F,G,R,L-Ctrl,Off = L-Shift,I,M,1.00,0.50,Protanope 10,Digital Vibrance = 70%,,,,,,,,,,,,,,,,,,,,,,,,,,,,,,,,,,,,,,,,,,,,,,,
Hansol,800,0.120,0.120,1000,0.500,0.750,Mouse 5,X,C,V,T,E,F,,,,I,,,,,,,,,,,,,,,,,,,,,,,,,,,,,,,,,,,,,,,,,,,,,,,,,,,,
Khuna,400,0.100,0.100,1000,0.700,0.500,Q,Mouse 4,Mouse 5,C,T,F,E,R,L-Ctrl,On,I,M,0.90,0.60,Tritanope 10,Default,,,,,,,,,,,,,,,,,,,,,,,,,,,,,,,,,,,,,,,,,,,,,,,
Nyhrox,1200,0.080,0.080,1000,0.410,0.410,Q,Mouse 4,Mouse 5,C,T,E,G,,,,I,,,,,,,,,,,,,,,,,,,,,,,,,,,,,,,,,,,,,,,,,,,,,,,,,,,,
Bizzle,800,0.080,0.080,500,0.500,0.750,Q,C,V,X,Mouse 5,E,F,R,L-Ctrl,On,T,Tab,1.00,1.00,Deuteranope 3,Default,,,,,,,,,,,,,,,,,,,,,,,,,,,,,,,,,,,,,,,,,,,,,,,
Snood,1600,0.050,0.040,1000,0.465,1.000,Q,E,Mouse 5,Z,Mouse 4,X,F,,,,Tab,,,,,,,,,,,,,,,,,,,,,,,,,,,,,,,,,,,,,,,,,,,,,,,,,,,,
Gunfly,800,0.060,0.060,500,0.590,0.550,Mouse 4,E,Mouse 5,C,T,F,V,,,,N,,,,,,,,,,,,,,,,,,,,,,,,,,,,,,,,,,,,,,,,,,,,,,,,,,,,
Zizros,400,0.122,0.122,1000,0.400,0.400,Mouse 5,C,Mouse 4,F,T,V,E,,L-Ctrl,On,Tab,M,,,,,,Space Bar,,,,,,,,,,,,,,,,,,,,,,,,,,,,,,,,,,,,,,,,,,,,,
MrSavageM,1600,0.081,0.081,1000,0.950,0.950,F,G,T,F4,F5,E,Y,R,L-Ctrl,Off = L-Shift,Tab,M,0.95,1.00,Deuteranope 5,Default,,,,,,,,,,,,,,,,,,,,,,,,,,,,,,,,,,,,,,,,,,,,,,,
Keolys,400,0.140,0.140,1000,0.420,0.650,F1,F2,F3,F4,T,E,F,,,,I,,,,,,,,,,,,,,,,,,,,,,,,,,,,,,,,,,,,,,,,,,,,,,,,,,,,
Sops,400,0.130,0.130,500,0.600,0.600,Mouse 5,A,Mouse 4,V,T,E,F,,,,I,,,,,,,,,,,,,,,,,,,,,,,,,,,,,,,,,,,,,,,,,,,,,,,,,,,,
Maxalibur,1350,0.080,0.080,1000,0.390,0.330,F1,F2,F3,F4,F5,F,G,,,,I,,,,,,,,,,,,,,,,,,,,,,,,,,,,,,,,,,,,,,,,,,,,,,,,,,,,
LeftEye,2000,0.115,0.105,1000,0.332,0.350,Q,X,C,Tab,T,MW Down,E,R,L-Ctrl,On,L-Alt,M,0.71,0.75,Deuteranope 4,Default,,,,,,,,,,,,,,,,,,,,,,,,,,,,,,,,,,,,,,,,,,,,,,,
Luuu90,800,0.060,0.060,1000,0.650,0.800,Mouse 4,C,Mouse 5,V,T,F,Space,,,,Tab,,,,,,,,,,,,,,,,,,,,,,,,,,,,,,,,,,,,,,,,,,,,,,,,,,,,
Gorb,800,0.140,0.100,1000,1.000,1.000,Z,X,C,T,F5,F,G,,,,Tab,,,,,,,,,,,,,,,,,,,,,,,,,,,,,,,,,,,,,,,,,,,,,,,,,,,,
Aydan,,0.700,0.670,,,,,,,,,,,,,,,,0.80,0.80,Deuteranope 5,Default,,,,,,0.350,0.340,1.600,1.760,0.100,0.12 / 0.10,Unbound,Reset,Unbound,Select,Inventory,Unbound,Squad Comms,Emote / Replay,Unbound,Crouch,Confirm,Jump,Toggle Pickaxe,Unbound,Map,Game Menu,,,,,,,,,,,,,,,,,,,,
kejseR,400,0.223,0.223,1000,0.680,0.550,Q,V,F,C,Mouse 4,E,Mouse 5,,,,L-Alt,,,,,,,,,,,,,,,,,,,,,,,,,,,,,,,,,,,,,,,,,,,,,,,,,,,,
Lanjok,400,0.130,0.130,1000,0.610,0.610,Mouse 5,V,Mouse 4,Q,T,E,F,,,,Tab,,,,,,,,,,,,,,,,,,,,,,,,,,,,,,,,,,,,,,,,,,,,,,,,,,,,
Boyer,400,0.100,0.100,500,0.650,0.650,Q,B,V,E,5,E,G,R,L-Ctrl,On,Tab,M,1.00,0.50,Off,Default,,,,,,,,,,,,,,,,,,,,,,,,,,,,,,,,,,,,,,,,,,,,,,,
Tuckz717,400,0.130,0.130,500,0.500,0.500,Mouse 5,Q,Mouse 4,L-Shift,X,F,E,,,,L-Ctrl,,,,,,,,,,,,,,,,,,,,,,,,,,,,,,,,,,,,,,,,,,,,,,,,,,,,
Motor,800,0.075,0.075,1000,1.000,1.000,Q,E,Mouse 4,L-Shift,T,G,F,R,L-Ctrl,On,I,F1,0.79,0.50,Off,Default,,,,,,,,,,,,,,,,,,,,,,,,,,,,,,,,,,,,,,,,,,,,,,,
swag,400,0.130,0.130,1000,0.650,0.550,F,Mouse 4,Mouse 5,C,T,E,V,,,,Tab,,,,,,,,,,,,,,,,,,,,,,,,,,,,,,,,,,,,,,,,,,,,,,,,,,,,
Issa,,0.745,0.745,,,,,,,,,,,,,,,,0.60,0.30,Off,Default,,,,,,0.300,0.350,1.900,1.350,0.100,0.08 / 0.05,Unbound,Unbound,Select,Unbound,Inventory,Unbound,Crouch,Emote / Replay,Unbound,Unbound,Confirm,Jump,Toggle Pickaxe,Reset,Map,Game Menu,,,,,,,,,,,,,,,,,,,,
Kamo,,0.670,0.670,,,,,,,,,,,,,,,,0.75,0.50,Deuteranope 0,Default,,,,,,0.350,0.500,2.000,1.750,0.200,0.12 / 0.13,Unbound,Unbound,Select,Unbound,Inventory,Crouch,Emote Picker,Emote / Replay,,,,,Unbound,Reset,Map,Game Menu,Toggle Pickaxe,Unbound,Confirm,Jump,,,,,,,,,,,,,,,,
Tristan,800,0.150,0.150,500,1.000,1.000,Z,X,C,Mouse 5,T,E,G,,,,Tab,,,,,,,,,,,,,,,,,,,,,,,,,,,,,,,,,,,,,,,,,,,,,,,,,,,,
ZexRow,400,0.120,0.120,1000,0.400,0.400,Mouse 5,X,Mouse 4,Z,F5,F,E,R,C,On,I,M,1.00,0.50,Off,Default,,,,,,,,,,,,,,,,,,,,,,,,,,,,,,,,,,,,,,,,,,,,,,,
Funk,800,0.060,0.060,1000,0.600,0.400,Q,Mouse 4,Mouse 5,L-Shift,T,F,E,R,L-Ctrl,On,I,M,1.00,0.50,Off,Default,,,,,,,,,,,,,,,,,,,,,,,,,,,,,,,,,,,,,,,,,,,,,,,
Wunder,800,0.089,0.089,1000,0.500,0.500,Mouse 5,Q,Mouse 4,L-Shift,T,C,F,,L-Ctrl,On,L-Alt,M,,,,,,Space Bar,,,,,,,,,,,,,,,,,,,,,,,,,,,,,,,,,,,,,,,,,,,,,
rubixx,400,0.150,0.150,1000,0.600,0.540,Mouse 4,E,Mouse 5,Tab,X,V,F,,,,MW Up,,,,,,,,,,,,,,,,,,,,,,,,,,,,,,,,,,,,,,,,,,,,,,,,,,,,
Saf,800,0.060,0.060,1000,0.500,0.500,E,V,Q,Mouse 5,L-Alt,F,G,R,C,On,I,M,1.00,0.50,Off,Default,,,,,,,,,,,,,,,,,,,,,,,,,,,,,,,,,,,,,,,,,,,,,,,
Orange,400,0.130,0.130,1000,0.220,0.180,Z,X,C,Mouse 5,T,F,E,R,L-Alt,On,I,M,1.00,0.85,Deuteranope 4,Default,,,,,,,,,,,,,,,,,,,,,,,,,,,,,,,,,,,,,,,,,,,,,,,
GANJi,400,0.140,0.140,1000,0.350,0.340,Q,F,E,Mouse 4,F5,T,G,,C,On,I,M,,,,,,Space Bar,,,,,,,,,,,,,,,,,,,,,,,,,,,,,,,,,,,,,,,,,,,,,
Osmo,800,0.159,0.159,1000,0.600,0.600,Mouse 5,E,Mouse 4,L-Ctrl,T,F,G,R,L-Ctrl,On,Tab,M,1.00,0.50,Off,Default,,,,,,,,,,,,,,,,,,,,,,,,,,,,,,,,,,,,,,,,,,,,,,,
NoWonder,400,0.120,0.120,1000,0.750,0.450,Z,Mouse 4,C,Mouse 5,T,E,L-Shift,,L-Ctrl,On,L-Alt,M,,,,,,Space Bar,,,,,,,,,,,,,,,,,,,,,,,,,,,,,,,,,,,,,,,,,,,,,
Commandment,800,0.039,0.035,1000,1.000,1.000,Q,X,C,Mouse 4,F,E,G,R,L-Ctrl,Off = L-Shift,I,Tab,1.00,0.50,Off,Default,,,,,,,,,,,,,,,,,,,,,,,,,,,,,,,,,,,,,,,,,,,,,,,
Astro,400,0.120,0.120,1000,0.520,0.520,A,T,W,~,F1,E,G,,,,Tab,,,,,,,,,,,,,,,,,,,,,,,,,,,,,,,,,,,,,,,,,,,,,,,,,,,,
Flikk,1600,0.072,0.051,1000,0.357,0.628,Mouse 4,X,Mouse 5,Q,T,E,G,,,,Tab,,,,,,,,,,,,,,,,,,,,,,,,,,,,,,,,,,,,,,,,,,,,,,,,,,,,
Finalight,800,0.074,0.076,1000,0.901,0.655,Mouse 5,Z,V,C,Q,E,F,R,L-Ctrl,On,I,Tab,,,,,,,,,,,,,,,,,,,,,,,,,,,,,,,,,,,,,,,,,,,,,,,,,,,
GroNky,,0.653,0.600,,,,,,,,,,,,,,,,0.90,0.55,Deuteranope 5,Default,,,,,,0.427,0.398,1.962,2.000,0.200,0.24 / 0.27,,,,,Inventory,Unbound,,Emote / Replay,,,,,Sprint / Auto Sprint,Reset,,,,,,,Unbound,Unbound,Select,Unbound,Jump,Toggle Pickaxe,Unbound,Confirm,Unbound,Map,Game Menu,,,,,
Vinny1x,400,0.100,0.100,1000,0.450,0.450,Mouse 5,Q,E,C,T,F,L-Shift,,,,Tab,,,,,,,,,,,,,,,,,,,,,,,,,,,,,,,,,,,,,,,,,,,,,,,,,,,,
Clix,800,0.087,0.063,1000,0.909,0.827,F,X,Q,V,T,E,G / MW Down,R,C,On,I,Tab,0.96,0.90,Tritanope (10),Default,,,,,,,,,,,,,,,,,,,,,,,,,,,,,,,,,,,,,,,,,,,,,,,
JT,800,0.080,0.080,1000,0.400,0.400,Q,C,Mouse 5,Mouse 4,Tab,F,E,R,L-Shift,On,~,M,0.85,0.70,Tritanope (5),Default,,,,,,,,,,,,,,,,,,,,,,,,,,,,,,,,,,,,,,,,,,,,,,,
Nickmercs,,0.700,0.650,,,,,,,,,,,,,,,,0.90,0.65,Deuteranope 3,Default,,,,,,0.400,0.500,1.700,1.900,0.114,0.20 / 0.20,Reset,Unbound,Select,Unbound,Inventory,Unbound,Squad Comms,Emote / Replay,,Unbound,Unbound,,Sprint / Auto Sprint,Crouch / Repair,Toggle Pickaxe,Game Menu,,,,,,,,,,,,,,,,Confirm,Jump,,,
Benjyfishy,800,0.140,0.140,1000,0.700,0.700,Q,Mouse 5,C,F,V,MW Down,E,R,L-Ctrl,Off = L-Shift,L-Alt / I,M,0.80,0.29,Tritanope (5),Default,,,,,,,,,,,,,,,,,,,,,,,,,,,,,,,,,,,,,,,,,,,,,,,
Blix,800,0.600,0.600,1000,0.385,0.380,Q,Mouse 4,Mouse 5,Caps Lock,T,E,G,R,L-Shift,On,I,M,0.81,0.91,Off,Default,,,,,,,,,,,,,,,,,,,,,,,,,,,,,,,,,,,,,,,,,,,,,,,
H1ghSky1,1000,0.100,0.100,1000,0.960,0.970,Mouse 5,Mouse 4,Q,V,F,E,G,R,L-Ctrl,On,I,Tab,0.90,0.50,Deuteranope 6,Default,,,,,,,,,,,,,,,,,,,,,,,,,,,,,,,,,,,,,,,,,,,,,,,
Sad,800,0.100,0.100,1000,1.000,1.000,A,F,Mouse 4,C,T,E,G,R,L-Shift,On,I,M,0.76,0.50,Deuteranope 5,Default,,,,,,,,,,,,,,,,,,,,,,,,,,,,,,,,,,,,,,,,,,,,,,,
Aspect,1600,0.030,0.030,1000,1.000,1.000,Q,V,E,Mouse 5,6,MW Down,F,R,L-Ctrl,On,Tab,M,0.95,0.50,Off,Default,,,,,,,,,,,,,,,,,,,,,,,,,,,,,,,,,,,,,,,,,,,,,,,
Megga,1800,0.027,0.031,1000,0.204,0.366,Z,X,C,Q,T,E,F,R,L-Ctrl,Off = L-Shift,I,Tab,1.00,0.50,Off,Default,,,,,,,,,,,,,,,,,,,,,,,,,,,,,,,,,,,,,,,,,,,,,,,
Stompy,800,0.062,0.062,1000,0.500,0.504,Q,Mouse 4,F,X,T,E,G,R,C,Off = L-Shift,Tab,M,1.00,1.00,Deuteranope 6,Default,,,,,,,,,,,,,,,,,,,,,,,,,,,,,,,,,,,,,,,,,,,,,,,
Fiber,800,0.080,0.080,1000,0.700,0.700,Mouse 4,Q,Mouse 5,E,T,MW Down,F,R,C,On,Tab,L-Ctrl,0.80,1.00,Tritanope 10,Default,,,,,,,,,,,,,,,,,,,,,,,,,,,,,,,,,,,,,,,,,,,,,,,
Bugha,400,0.140,0.140,1000,0.303,0.392,X,V,C,F,T,E,G,R,L-Ctrl,Off = L-Shift,I,M,0.76,0.50,Protanope 10,Default,,,,,,,,,,,,,,,,,,,,,,,,,,,,,,,,,,,,,,,,,,,,,,,
Ares,400,0.151,0.151,1000,1.000,1.000,Mouse 5,Q,Mouse 4,F,CapsLock,E,G,R,L-Ctrl,On,I,Tab,1.00,0.50,Off,Tritanope 8,,,,,,,,,,,,,,,,,,,,,,,,,,,,,,,,,,,,,,,,,,,,,,,
Sway,,0.840,0.840,,,,,,,,,,,,,,,,0.60,0.80,Off,Default,,,,,,0.180,0.200,1.325,1.325,0.100,0.20 / 0.20,Unbound,Reset,Select,Unbound,Inventory,Unbound,Squad Comms,Emote / Replay,Unbound,Unbound,Confirm,Jump,Toggle Pickaxe,Unbound,Map,Game Menu,,,,,,,,,,,,,,,,,,,,
Nayte,800,0.100,0.100,1000,0.450,0.450,C,Mouse 5,V,A,T,E,G,,,,I,,,,,,,,,,,,,,,,,,,,,,,,,,,,,,,,,,,,,,,,,,,,,,,,,,,,
Jarvis,,0.737,0.737,,,,,,,,,,,,,,,,0.90,0.50,Deuteranope 4,Default,,,,,,0.247,0.365,1.990,1.840,0.100,0.10 / 0.08,,,,,Inventory,Push To Talk,Squad Comms,Emote / Replay,,,,,Unbound,Unbound,,,,,,,Reset,Unbound,Select,Unbound,,Confirm,Unbound,Toggle Pickaxe,Jump,Map,Game Menu,,,,,
Tschinken,600,0.060,0.045,1000,0.600,0.700,MW Down,Q,Mouse 4,Z,L-Alt,E,C,R,L-Ctrl,Off = L-Shift,I,M,1.00,0.75,Off,Default,,,,,,,,,,,,,,,,,,,,,,,,,,,,,,,,,,,,,,,,,,,,,,,
Skram,400,0.100,0.100,1000,0.500,0.500,Q,Mouse 4,Mouse 5,L-Shift,5,F,G,R,C,On,L-Alt,M,0.91,0.50,Deuteranope 5,Default,,,,,,,,,,,,,,,,,,,,,,,,,,,,,,,,,,,,,,,,,,,,,,,
crimz,400,0.109,0.109,1000,1.000,1.000,Q,E,C,X,T,F,V,R,L-Ctrl,On,L-Alt (Hold),M,0.90,0.70,Off,Default,,,,,,,,,,,,,,,,,,,,,,,,,,,,,,,,,,,,,,,,,,,,,,,
Ceice,400,0.130,0.130,1000,0.380,0.380,Mouse 5,Middle Mouse,Mouse 4,Q,6,F,G,R,L-Ctrl,On,Tab,M,0.92,1.00,Off,Default,,,,,,,,,,,,,,,,,,,,,,,,,,,,,,,,,,,,,,,,,,,,,,,
psalm,800,0.060,0.060,1000,0.700,0.500,E,Mouse 5,Q,R,Mouse 4,F,V,R,C,On,I,M,1.00,0.50,Off,Default,,,,,,,,,,,,,,,,,,,,,,,,,,,,,,,,,,,,,,,,,,,,,,,
LeNain,400,0.166,0.166,1000,0.380,0.575,Q,P,V,L-Shift,T,F,E,R,L-Ctrl,On,Tab,M,1.00,0.50,Off,Default,,,,,,,,,,,,,,,,,,,,,,,,,,,,,,,,,,,,,,,,,,,,,,,
Riversan,800,0.070,0.070,1000,0.700,0.455,Q,F,C,X,T,E,G,R,L-Ctrl,On,Tab,Y,1.00,0.50,Deuteranope 4,Default,,,,,,,,,,,,,,,,,,,,,,,,,,,,,,,,,,,,,,,,,,,,,,,
Dubs,800,0.060,0.060,500,1.000,1.000,Mouse 5,F,Mouse 4,C,T,E,Caps Lock,R,L-Ctrl,On,I,M,1.00,0.45,Deuteranope 4,Default,,,,,,,,,,,,,,,,,,,,,,,,,,,,,,,,,,,,,,,,,,,,,,,
Brush,800,0.052,0.052,1000,0.500,0.500,Q,Mouse 5,Mouse 4,V,T,E,F,R,C,On,Tab,M,0.87,0.50,Deuteranope 5,Default,,,,,,,,,,,,,,,,,,,,,,,,,,,,,,,,,,,,,,,,,,,,,,,
Elevate,400,0.060,0.060,1000,1.000,1.000,T,Mouse 4,Mouse 5,Q,L-Shift,E,G,R,L-Ctrl,On,I,M,0.83,1.00,Off,Default,,,,,,,,,,,,,,,,,,,,,,,,,,,,,,,,,,,,,,,,,,,,,,,
Pulse,1150,0.077,0.501,1000,0.703,0.501,Mouse 5,MW Down,Mouse 4,MW Up,T,F,C,R,X,On,Tab,M,1.00,0.50,Off,Default,,,,,,,,,,,,,,,,,,,,,,,,,,,,,,,,,,,,,,,,,,,,,,,
innocents,,0.700,0.700,,,,,,,,,,,,,,,,0.80,0.60,Off,Default,,,,,,0.350,0.600,1.800,?,0.100,0.15 / 0.15,,,,,Inventory,Unbound,Squad Comms,Emote / Replay,,,,,Toggle Pickaxe,Reset,,,,,,,Unbound,Unbound,Select,Unbound,,Unbound,Unbound,Confirm,Jump,Map,Game Menu,,,,,
Letshe,,0.710,0.700,,,,,,,,,,,,,,,,0.69,1.00,Off,Default,,,,,,0.290,0.340,2.000,1.761,0.191,0.11 / 0.10,,,,,Unbound,Toggle Pickaxe,Squad Comms,Emote / Replay,,,,,Inventory,Reset,,,,,,,Unbound,Unbound,Select,Unbound,,Crouch,Unbound,Confirm,Jump,Map,Game Menu,,,,,
letw1k3,800,0.118,0.118,1000,0.498,0.498,Mouse 5,Mouse 4,X,Q,T,E,F,R,L-Ctrl,Off = L-Shift,I,M,0.71,0.50,Tritanope 10,Default,,,,,,,,,,,,,,,,,,,,,,,,,,,,,,,,,,,,,,,,,,,,,,,
Sean,400,0.116,0.116,1000,1.000,0.900,Mouse 4,E,Q,Z,T,F,L-Shift,R,C,On,Tab,M,1.00,0.69,Tritanope 7,Default,,,,,,,,,,,,,,,,,,,,,,,,,,,,,,,,,,,,,,,,,,,,,,,
Parpy,400,0.140,0.140,1000,0.330,0.350,Q,L-Ctrl,F,E,T,Mousewheel,G,R,C,On,Tab,M,0.80,0.50,Protanope 10,Default,,,,,,,,,,,,,,,,,,,,,,,,,,,,,,,,,,,,,,,,,,,,,,,
slaya,800,0.070,0.070,1000,0.300,0.500,Q,F,Mouse 4,Mouse 5,T,MW Down,E,R,L-Ctrl,On,Tab,M,0.69,0.90,Off,Default,,,,,,,,,,,,,,,,,,,,,,,,,,,,,,,,,,,,,,,,,,,,,,,
Shah,,0.775,0.750,,,,,,,,,,,,,,,,0.76,0.56,Off,Default,,,,,,0.175,0.179,1.800,1.998,0.200,0.15 / 0.15,Unbound,Unbound,Unbound,Select,Inventory,Unbound,Squad Comms,Emote / Replay,Toggle Pickaxe,Unbound,Confirm,,Unbound,Reset,,Game Menu,,,,,,,,,,,,,,,,,Jump,Unbound,,
itemm,800,0.070,0.069,500,0.630,0.630,Q,Mouse 5,F,Mouse 4,F5,E,G,R,L-Ctrl,Off = L-Shift,Tab,M,1.00,0.50,Deuteranope 8,Default,,,,,,,,,,,,,,,,,,,,,,,,,,,,,,,,,,,,,,,,,,,,,,,
aqua,400,0.100,0.100,1000,0.460,0.352,L-Alt,C,F,V,6,E,G,R,L-Shift,On,Tab,M,0.70,0.50,Deuteranope 5,Default,,,,,,,,,,,,,,,,,,,,,,,,,,,,,,,,,,,,,,,,,,,,,,,
Volx,400,0.100,0.100,1000,0.282,0.638,Mouse 5,C,Mouse 4,L-Shift,T,E,F,R,L-Ctrl,On,L-Alt,M,0.82,0.65,Deuteranope 9,Default,,,,,,,,,,,,,,,,,,,,,,,,,,,,,,,,,,,,,,,,,,,,,,,
Derox,800,0.073,0.073,1000,0.970,0.970,Mouse 5,E,Mouse 4,Q,T,F,G,R,C,On,Tab,M,0.70,0.30,Deuteranope 8,Default,,,,,,,,,,,,,,,,,,,,,,,,,,,,,,,,,,,,,,,,,,,,,,,
EpikWhale,800,0.060,0.060,1000,0.750,0.750,Q,Mouse 5,E,L-Shift,T,MW Down,F,R,C,On,Tab,L-Alt,0.86,1.00,Protanope 10,Default,,,,,,,,,,,,,,,,,,,,,,,,,,,,,,,,,,,,,,,,,,,,,,,
FaxFox,800,0.070,0.070,1000,0.350,0.350,Q,V,F,`,T,E,G,R,L-Ctrl,On,L-Alt,M,1.05,0.50,Off,Default,,,,,,,,,,,,,,,,,,,,,,,,,,,,,,,,,,,,,,,,,,,,,,,
snow,400,0.140,0.140,500,0.700,0.700,Q,F,V,X,C,E,G,R,L-Ctrl,On,U,M,0.80,0.37,Tritanope 10,Default,,,,,,,,,,,,,,,,,,,,,,,,,,,,,,,,,,,,,,,,,,,,,,,
DiegoGB,800,0.120,0.120,1000,0.500,0.500,Q,Mouse 4,C,F,T,G,E,R,L-Ctrl,On,I,Tab,1.00,0.53,Deuteranope 4,Default,,,,,,,,,,,,,,,,,,,,,,,,,,,,,,,,,,,,,,,,,,,,,,,
Animal,400,0.120,0.120,1000,0.755,0.755,F,Mouse 4,Q,L-Shift,T,E,Mouse 5,R,L-Ctrl,On,Tab,F4,0.80,1.00,Protanope 5,Default,,,,,,,,,,,,,,,,,,,,,,,,,,,,,,,,,,,,,,,,,,,,,,,
Carose,400,0.120,0.120,1000,0.450,0.450,Q,F,C,V,T,E,G,R,L-Ctrl,On,I,M,1.00,0.50,Protanope 9,Default,,,,,,,,,,,,,,,,,,,,,,,,,,,,,,,,,,,,,,,,,,,,,,,
Luneze,800,0.125,0.125,1000,0.750,0.750,Mouse 5,L-Shift,Mouse 4,Q,Z,F,E,R,C,On,I,Tab,0.82,0.50,Off,Default,,,,,,,,,,,,,,,,,,,,,,,,,,,,,,,,,,,,,,,,,,,,,,,
Airwaks,400,0.183,0.190,1000,0.762,0.842,Q,X,E,C,T,F,F / MW Down,R,L-Ctrl,On,L-Alt,M,0.67,0.50,Deuteranope 5,Default,,,,,,,,,,,,,,,,,,,,,,,,,,,,,,,,,,,,,,,,,,,,,,,
BELAEU,800,0.080,0.080,1000,0.350,0.500,Q,E,T,C,X,F / MW Up,G,R,L-Ctrl,On,Tab,M,1.00,1.00,Deuteranope 4,Default,,,,,,,,,,,,,,,,,,,,,,,,,,,,,,,,,,,,,,,,,,,,,,,
Endretta,400,0.090,0.090,1000,0.440,0.440,C,F,V,T,1,E,L-Shift,R,L-Ctrl,On,Tab,M,0.65,0.70,Tritanope 5,Default,,,,,,,,,,,,,,,,,,,,,,,,,,,,,,,,,,,,,,,,,,,,,,,
lolb0om,400,0.090,0.090,1000,0.500,0.450,Mouse 5,C,Mouse 4,X,V,F,Q,R,L-Ctrl,On,Tab,M,1.00,0.80,Deuteranope 9,Default,,,,,,,,,,,,,,,,,,,,,,,,,,,,,,,,,,,,,,,,,,,,,,,
mrfreshasian,800,0.060,0.060,1000,0.750,0.750,Mouse 5,Q,Mouse 4,V,F5,E,L-Shift,R,C,On,I,M,1.00,0.50,Off,Default,,,,,,,,,,,,,,,,,,,,,,,,,,,,,,,,,,,,,,,,,,,,,,,
Assault,,0.730,0.730,,,,,,,,,,,,,,,,0.75,0.50,Off,Default,,,,,,0.350,0.400,1.900,2.000,0.100,0.11 / 0.11,Unbound,Unbound,Select,Unbound,Inventory,Unbound,Squad Comms,Emote / Replay,Confirm,Unbound,,,Edit,Reset,Unbound,Game Menu,,,,,,,,,,,,,,,,,Jump,,Switch Mode,
Blax,700,0.092,0.092,1000,0.311,0.402,F1,F2,F3,F4,F5,E,G,R,L-Ctrl,On,I,M,1.00,0.50,Off,Default,,,,,,,,,,,,,,,,,,,,,,,,,,,,,,,,,,,,,,,,,,,,,,,
Bucke,400,0.120,0.120,1000,0.400,0.400,Mouse 5,X,Mouse 4,Z,V,E,C,R,L-Ctrl,On,L-Alt,M,0.90,0.51,Off,Default,,,,,,,,,,,,,,,,,,,,,,,,,,,,,,,,,,,,,,,,,,,,,,,
fwexY,800,0.130,0.130,1000,0.450,0.450,V,C,F,T,B,E,G,R,L-Ctrl,Off = L-Shift,L-Alt,M,0.80,0.65,Deuteranope 5,Default,,,,,,,,,,,,,,,,,,,,,,,,,,,,,,,,,,,,,,,,,,,,,,,
Tilt,,0.600,0.600,,,,,,,,,,,,,,,,1.00,1.00,Off,Default,,,,,,0.603,0.601,1.700,1.700,0.100,0.24 / 0.27,,,,,Map,Unbound,Squad Comms,Emote / Replay,,,,,Sprint / Auto Sprint,Reset,,,,,,,Unbound,Unbound,Select,Unbound,,Toggle Pickaxe,Unbound,Confirm,Jump,Inventory,Game Menu,,,,,
4DRStorm,1600,0.066,0.066,1000,0.342,0.294,Middle Mouse,X,V,L-Shift,Mouse 4,E,G,R,C,On,I,Tab,1.00,0.50,Protanope 10,Default,,,,,,,,,,,,,,,,,,,,,,,,,,,,,,,,,,,,,,,,,,,,,,,
Rojo,400,0.119,0.119,1000,0.552,0.552,Q,E,Mouse 4,Mouse 5,T,MW Down,F,R,L-Ctrl,On,I,M,1.00,1.00,Protanope 6,Default,,,,,,,,,,,,,,,,,,,,,,,,,,,,,,,,,,,,,,,,,,,,,,,
Klusia,1000,0.050,0.050,1000,1.000,1.000,Q,C,E,V,F5,F,G,R,L-Ctrl,On,Tab,M,0.90,1.00,Off,Default,,,,,,,,,,,,,,,,,,,,,,,,,,,,,,,,,,,,,,,,,,,,,,,
ThomasHD,1600,0.050,0.030,1000,0.370,0.370,Q,F,V,X,Mouse 5,E,G,R,C,On,Tab,M,0.95,0.60,Deuteranope 5,Default,,,,,,,,,,,,,,,,,,,,,,,,,,,,,,,,,,,,,,,,,,,,,,,
Nio,,0.700,0.700,,,,,,,,,,,,,,,,0.80,1.00,Off,Default,,,,,,0.355,0.600,2.000,1.750,0.100,0.24 / 0.27,Reset,Unbound,Select,Unbound,Inventory,Unbound,Map,Emote / Replay,Confirm,Unbound,Unbound,Jump,Sprint / Auto Sprint,Crouch / Repair,Toggle Pickaxe,Game Menu,,,,,,,,,,,,,,,,,,,,
Tetchra,400,0.120,0.120,1000,0.600,0.600,Mouse 5,Q,Mouse 4,C,T,E,F,R,L-Ctrl,On,I,Tab,1.00,1.00,Deuteranope 8,Default,,,,,,,,,,,,,,,,,,,,,,,,,,,,,,,,,,,,,,,,,,,,,,,
Ex,,0.725,0.725,,,,,,,,,,,,,,,,0.87,0.20,Off,Default,,,,,,0.280,0.310,2.000,2.000,0.100,0.09 / 0.09,Unbound,Unbound,Reset,Select,Inventory,Unbound,Push to Talk,Emote / Replay,Unbound,Unbound,Confirm,Jump,Toggle Pickaxe,Unbound,Map,Game Menu,,,,,Unbound,Unbound,Reset,Select,,Unbound,Unbound,Confirm,Jump,Map,Game Menu,,,,,
RazorX,,0.905,0.809,,,,,,,,,,,,,,,,0.75,0.79,Protanope 3,,,,,,,0.402,0.400,1.151,1.151,0.100,0.07 / 0.07,Unbound,Unbound,Select,Unbound,Inventory,Unbound,Unbound,Emote / Replay,Toggle Pickaxe,Unbound,Confirm,Jump,Sprint / Auto Sprint,Reset,Unbound,Game Menu,,,,,,,,,,,,,,,,,,,,On
Falconer,400,0.080,0.080,500,0.700,0.600,Mouse 5,C,Mouse 4,L-Shift,T,E,F,R,Q,On,L-Alt,M,1.00,1.00,Protanope 10,Default,,,,,,,,,,,,,,,,,,,,,,,,,,,,,,,,,,,,,,,,,,,,,,,
Jay,800,0.055,0.055,1000,1.000,1.000,Q,E,Mouse 5,Mouse 4,T,V,F,R,L-Ctrl,On,Tab,M,0.50,1.00,Off,Default,,,,,,,,,,,,,,,,,,,,,,,,,,,,,,,,,,,,,,,,,,,,,,,
jacobbb,,0.850,0.850,,,,,,,,,,,,,,,,0.90,0.65,Off,Default,,,,,,0.371,0.371,1.380,1.444,0.100,0.15 / 0.15,Unbound,Unbound,Select,Reset,Inventory,Unbound,Squad Comms,Emote / Replay,Toggle Pickaxe,Confirm,Unbound,Jump,Sprint / Auto Sprint,Unbound,Unbound,Game Menu,,,,,,,,,,,,,,,,,,,,
Domentos,1000,0.074,0.074,1000,0.583,0.687,T,X,V,F,5,E,G,R / Mouse 4,L-Ctrl,On,L-Alt,Tab,0.50,0.76,Deuteranope 10,Default,,,,,,,,,,,,,,,,,,,,,,,,,,,,,,,,,,,,,,,,,,,,,,,
Mexe,800,0.130,0.130,1000,0.400,0.500,Mouse 4,Q,Mouse 5,X,T,E,F,R,C,Off = L-Shift,Tab,M,0.80,0.84,Deuteranope 8,Default,,,,,,,,,,,,,,,,,,,,,,,,,,,,,,,,,,,,,,,,,,,,,,,